{
    "frame_id": 181,
    "timestamp": "2024-12-26 21:18:05",
    "detections": [
        {
            "zone": "centre_gauche",
            "nombre_objets": 1,
            "details_objets": [
                [
                    181000,
                    0,
                    0.3888985812664032
                ]
            ],
            "confidence_moyenne": 0.3888985812664032
        },
        {
            "zone": "centre_droit",
            "nombre_objets": 1,
            "details_objets": [
                [
                    181001,
                    0,
                    0.3506195843219757
                ]
            ],
            "confidence_moyenne": 0.3506195843219757
        }
    ]
}