{
    "frame_id": 321,
    "timestamp": "2024-12-26 21:20:46",
    "detections": [
        {
            "zone": "centre_droit",
            "nombre_objets": 1,
            "details_objets": [
                [
                    321000,
                    0,
                    0.4507227838039398
                ]
            ],
            "confidence_moyenne": 0.4507227838039398
        },
        {
            "zone": "gauche",
            "nombre_objets": 1,
            "details_objets": [
                [
                    321001,
                    0,
                    0.35586851835250854
                ]
            ],
            "confidence_moyenne": 0.35586851835250854
        },
        {
            "zone": "droite",
            "nombre_objets": 1,
            "details_objets": [
                [
                    321002,
                    0,
                    0.29932716488838196
                ]
            ],
            "confidence_moyenne": 0.29932716488838196
        }
    ]
}