{
    "frame_id": 99,
    "timestamp": "2024-12-26 21:16:10",
    "detections": [
        {
            "zone": "centre_gauche",
            "nombre_objets": 3,
            "details_objets": [
                [
                    99000,
                    0,
                    0.3050367534160614
                ],
                [
                    99001,
                    0,
                    0.29140985012054443
                ],
                [
                    99002,
                    0,
                    0.26961398124694824
                ]
            ],
            "confidence_moyenne": 0.288686861594518
        }
    ]
}