{
    "frame_id": 418,
    "timestamp": "2024-12-26 21:22:35",
    "detections": [
        {
            "zone": "centre_gauche",
            "nombre_objets": 3,
            "details_objets": [
                [
                    418000,
                    0,
                    0.3291749060153961
                ],
                [
                    418001,
                    0,
                    0.3273733854293823
                ],
                [
                    418003,
                    0,
                    0.28284409642219543
                ]
            ],
            "confidence_moyenne": 0.31313079595565796
        },
        {
            "zone": "centre_droit",
            "nombre_objets": 1,
            "details_objets": [
                [
                    418002,
                    0,
                    0.2962850332260132
                ]
            ],
            "confidence_moyenne": 0.2962850332260132
        }
    ]
}