{
    "frame_id": 590,
    "timestamp": "2024-12-26 21:25:40",
    "detections": [
        {
            "zone": "centre_gauche",
            "nombre_objets": 4,
            "details_objets": [
                [
                    590000,
                    0,
                    0.3665364384651184
                ],
                [
                    590002,
                    0,
                    0.3297995924949646
                ],
                [
                    590003,
                    0,
                    0.32673466205596924
                ],
                [
                    590004,
                    0,
                    0.3081004321575165
                ]
            ],
            "confidence_moyenne": 0.3327927812933922
        },
        {
            "zone": "centre_droit",
            "nombre_objets": 1,
            "details_objets": [
                [
                    590001,
                    0,
                    0.34786689281463623
                ]
            ],
            "confidence_moyenne": 0.34786689281463623
        },
        {
            "zone": "droite",
            "nombre_objets": 1,
            "details_objets": [
                [
                    590005,
                    0,
                    0.30618077516555786
                ]
            ],
            "confidence_moyenne": 0.30618077516555786
        }
    ]
}