{
    "frame_id": 167,
    "timestamp": "2024-12-26 21:17:46",
    "detections": [
        {
            "zone": "centre_gauche",
            "nombre_objets": 2,
            "details_objets": [
                [
                    167000,
                    0,
                    0.4161750078201294
                ],
                [
                    167001,
                    0,
                    0.27156394720077515
                ]
            ],
            "confidence_moyenne": 0.34386947751045227
        }
    ]
}