{
    "frame_id": 470,
    "timestamp": "2024-12-26 21:23:28",
    "detections": [
        {
            "zone": "centre_gauche",
            "nombre_objets": 1,
            "details_objets": [
                [
                    470000,
                    0,
                    0.4601658880710602
                ]
            ],
            "confidence_moyenne": 0.4601658880710602
        },
        {
            "zone": "gauche",
            "nombre_objets": 1,
            "details_objets": [
                [
                    470002,
                    0,
                    0.3268345594406128
                ]
            ],
            "confidence_moyenne": 0.3268345594406128
        },
        {
            "zone": "droite",
            "nombre_objets": 1,
            "details_objets": [
                [
                    470001,
                    0,
                    0.3415312170982361
                ]
            ],
            "confidence_moyenne": 0.3415312170982361
        }
    ]
}