{
    "frame_id": 530,
    "timestamp": "2024-12-26 21:24:34",
    "detections": [
        {
            "zone": "centre_gauche",
            "nombre_objets": 2,
            "details_objets": [
                [
                    530000,
                    0,
                    0.4060486853122711
                ],
                [
                    530003,
                    0,
                    0.3000316619873047
                ]
            ],
            "confidence_moyenne": 0.3530401736497879
        },
        {
            "zone": "centre_droit",
            "nombre_objets": 1,
            "details_objets": [
                [
                    530001,
                    0,
                    0.32578009366989136
                ]
            ],
            "confidence_moyenne": 0.32578009366989136
        },
        {
            "zone": "droite",
            "nombre_objets": 1,
            "details_objets": [
                [
                    530002,
                    0,
                    0.3070701062679291
                ]
            ],
            "confidence_moyenne": 0.3070701062679291
        }
    ]
}