{
    "frame_id": 352,
    "timestamp": "2024-12-26 21:21:21",
    "detections": [
        {
            "zone": "centre_droit",
            "nombre_objets": 2,
            "details_objets": [
                [
                    352000,
                    0,
                    0.44293922185897827
                ],
                [
                    352001,
                    0,
                    0.41171178221702576
                ]
            ],
            "confidence_moyenne": 0.427325502038002
        }
    ]
}