{
    "frame_id": 4,
    "timestamp": "2024-12-26 21:13:13",
    "detections": [
        {
            "zone": "centre_gauche",
            "nombre_objets": 2,
            "details_objets": [
                [
                    4000,
                    0,
                    0.2640714943408966
                ],
                [
                    4001,
                    0,
                    0.25718557834625244
                ]
            ],
            "confidence_moyenne": 0.2606285363435745
        }
    ]
}