{
    "frame_id": 45,
    "timestamp": "2024-12-26 21:14:35",
    "detections": [
        {
            "zone": "centre_gauche",
            "nombre_objets": 3,
            "details_objets": [
                [
                    45000,
                    0,
                    0.4019175171852112
                ],
                [
                    45001,
                    0,
                    0.3479960560798645
                ],
                [
                    45002,
                    0,
                    0.2748348116874695
                ]
            ],
            "confidence_moyenne": 0.3415827949841817
        }
    ]
}