{
    "frame_id": 509,
    "timestamp": "2024-12-26 21:24:10",
    "detections": [
        {
            "zone": "centre_gauche",
            "nombre_objets": 4,
            "details_objets": [
                [
                    509002,
                    0,
                    0.3239772617816925
                ],
                [
                    509004,
                    0,
                    0.3091771900653839
                ],
                [
                    509005,
                    0,
                    0.29541757702827454
                ],
                [
                    509007,
                    0,
                    0.2743985950946808
                ]
            ],
            "confidence_moyenne": 0.30074265599250793
        },
        {
            "zone": "centre_droit",
            "nombre_objets": 2,
            "details_objets": [
                [
                    509001,
                    0,
                    0.32999759912490845
                ],
                [
                    509006,
                    0,
                    0.2883925437927246
                ]
            ],
            "confidence_moyenne": 0.30919507145881653
        },
        {
            "zone": "droite",
            "nombre_objets": 2,
            "details_objets": [
                [
                    509000,
                    0,
                    0.3451370894908905
                ],
                [
                    509003,
                    0,
                    0.31758996844291687
                ]
            ],
            "confidence_moyenne": 0.3313635289669037
        }
    ]
}