{
    "frame_id": 405,
    "timestamp": "2024-12-26 21:22:20",
    "detections": [
        {
            "zone": "centre_droit",
            "nombre_objets": 1,
            "details_objets": [
                [
                    405000,
                    0,
                    0.3703617751598358
                ]
            ],
            "confidence_moyenne": 0.3703617751598358
        },
        {
            "zone": "centre_gauche",
            "nombre_objets": 1,
            "details_objets": [
                [
                    405001,
                    0,
                    0.30916330218315125
                ]
            ],
            "confidence_moyenne": 0.30916330218315125
        }
    ]
}