{
    "frame_id": 22,
    "timestamp": "2024-12-26 21:13:46",
    "detections": [
        {
            "zone": "centre_gauche",
            "nombre_objets": 3,
            "details_objets": [
                [
                    22000,
                    0,
                    0.3269490599632263
                ],
                [
                    22001,
                    0,
                    0.30531609058380127
                ],
                [
                    22002,
                    0,
                    0.25865545868873596
                ]
            ],
            "confidence_moyenne": 0.2969735364119212
        }
    ]
}