{
    "frame_id": 345,
    "timestamp": "2024-12-26 21:21:12",
    "detections": [
        {
            "zone": "centre_droit",
            "nombre_objets": 2,
            "details_objets": [
                [
                    345000,
                    0,
                    0.4164307117462158
                ],
                [
                    345002,
                    0,
                    0.29372501373291016
                ]
            ],
            "confidence_moyenne": 0.355077862739563
        },
        {
            "zone": "gauche",
            "nombre_objets": 1,
            "details_objets": [
                [
                    345001,
                    0,
                    0.34790611267089844
                ]
            ],
            "confidence_moyenne": 0.34790611267089844
        }
    ]
}