{
    "frame_id": 313,
    "timestamp": "2024-12-26 21:20:36",
    "detections": [
        {
            "zone": "centre_droit",
            "nombre_objets": 1,
            "details_objets": [
                [
                    313000,
                    0,
                    0.3985908627510071
                ]
            ],
            "confidence_moyenne": 0.3985908627510071
        },
        {
            "zone": "centre_gauche",
            "nombre_objets": 1,
            "details_objets": [
                [
                    313001,
                    0,
                    0.2857772707939148
                ]
            ],
            "confidence_moyenne": 0.2857772707939148
        }
    ]
}