{
    "frame_id": 399,
    "timestamp": "2024-12-26 21:22:14",
    "detections": [
        {
            "zone": "centre_gauche",
            "nombre_objets": 2,
            "details_objets": [
                [
                    399000,
                    0,
                    0.42607903480529785
                ],
                [
                    399003,
                    0,
                    0.29391175508499146
                ]
            ],
            "confidence_moyenne": 0.35999539494514465
        },
        {
            "zone": "centre_droit",
            "nombre_objets": 1,
            "details_objets": [
                [
                    399001,
                    0,
                    0.4064441919326782
                ]
            ],
            "confidence_moyenne": 0.4064441919326782
        },
        {
            "zone": "gauche",
            "nombre_objets": 1,
            "details_objets": [
                [
                    399002,
                    0,
                    0.3584965169429779
                ]
            ],
            "confidence_moyenne": 0.3584965169429779
        }
    ]
}