{
    "frame_id": 118,
    "timestamp": "2024-12-26 21:16:37",
    "detections": [
        {
            "zone": "centre_gauche",
            "nombre_objets": 2,
            "details_objets": [
                [
                    118000,
                    0,
                    0.39939582347869873
                ],
                [
                    118001,
                    0,
                    0.3240562379360199
                ]
            ],
            "confidence_moyenne": 0.3617260307073593
        }
    ]
}