{
    "frame_id": 191,
    "timestamp": "2024-12-26 21:18:18",
    "detections": [
        {
            "zone": "centre_gauche",
            "nombre_objets": 1,
            "details_objets": [
                [
                    191000,
                    0,
                    0.45676669478416443
                ]
            ],
            "confidence_moyenne": 0.45676669478416443
        },
        {
            "zone": "centre_droit",
            "nombre_objets": 1,
            "details_objets": [
                [
                    191001,
                    0,
                    0.2831811308860779
                ]
            ],
            "confidence_moyenne": 0.2831811308860779
        }
    ]
}