{
    "frame_id": 27,
    "timestamp": "2024-12-26 21:13:56",
    "detections": [
        {
            "zone": "centre_gauche",
            "nombre_objets": 2,
            "details_objets": [
                [
                    27001,
                    0,
                    0.30820730328559875
                ],
                [
                    27002,
                    0,
                    0.2899274528026581
                ]
            ],
            "confidence_moyenne": 0.2990673780441284
        },
        {
            "zone": "droite",
            "nombre_objets": 1,
            "details_objets": [
                [
                    27000,
                    0,
                    0.3176106810569763
                ]
            ],
            "confidence_moyenne": 0.3176106810569763
        },
        {
            "zone": "centre_droit",
            "nombre_objets": 1,
            "details_objets": [
                [
                    27003,
                    0,
                    0.2549401819705963
                ]
            ],
            "confidence_moyenne": 0.2549401819705963
        }
    ]
}