{
    "frame_id": 179,
    "timestamp": "2024-12-26 21:18:02",
    "detections": [
        {
            "zone": "centre_gauche",
            "nombre_objets": 1,
            "details_objets": [
                [
                    179000,
                    0,
                    0.4031422436237335
                ]
            ],
            "confidence_moyenne": 0.4031422436237335
        },
        {
            "zone": "centre_droit",
            "nombre_objets": 1,
            "details_objets": [
                [
                    179001,
                    0,
                    0.3201822340488434
                ]
            ],
            "confidence_moyenne": 0.3201822340488434
        }
    ]
}