{
    "frame_id": 287,
    "timestamp": "2024-12-26 21:20:08",
    "detections": [
        {
            "zone": "centre_droit",
            "nombre_objets": 2,
            "details_objets": [
                [
                    287000,
                    0,
                    0.2922610640525818
                ],
                [
                    287001,
                    0,
                    0.29005303978919983
                ]
            ],
            "confidence_moyenne": 0.2911570519208908
        }
    ]
}