{
    "frame_id": 225,
    "timestamp": "2024-12-26 21:19:00",
    "detections": [
        {
            "zone": "centre_gauche",
            "nombre_objets": 2,
            "details_objets": [
                [
                    225000,
                    0,
                    0.2855452299118042
                ],
                [
                    225001,
                    0,
                    0.28284066915512085
                ]
            ],
            "confidence_moyenne": 0.2841929495334625
        },
        {
            "zone": "centre_droit",
            "nombre_objets": 1,
            "details_objets": [
                [
                    225002,
                    0,
                    0.27613216638565063
                ]
            ],
            "confidence_moyenne": 0.27613216638565063
        }
    ]
}