{
    "frame_id": 487,
    "timestamp": "2024-12-26 21:23:47",
    "detections": [
        {
            "zone": "centre_gauche",
            "nombre_objets": 2,
            "details_objets": [
                [
                    487000,
                    0,
                    0.30131828784942627
                ],
                [
                    487001,
                    0,
                    0.2598235607147217
                ]
            ],
            "confidence_moyenne": 0.280570924282074
        }
    ]
}