{
    "frame_id": 235,
    "timestamp": "2024-12-26 21:19:11",
    "detections": [
        {
            "zone": "centre_gauche",
            "nombre_objets": 1,
            "details_objets": [
                [
                    235000,
                    0,
                    0.30241474509239197
                ]
            ],
            "confidence_moyenne": 0.30241474509239197
        },
        {
            "zone": "centre_droit",
            "nombre_objets": 1,
            "details_objets": [
                [
                    235001,
                    0,
                    0.274469792842865
                ]
            ],
            "confidence_moyenne": 0.274469792842865
        }
    ]
}