{
    "frame_id": 510,
    "timestamp": "2024-12-26 21:24:11",
    "detections": [
        {
            "zone": "centre_gauche",
            "nombre_objets": 4,
            "details_objets": [
                [
                    510000,
                    0,
                    0.3825354278087616
                ],
                [
                    510004,
                    0,
                    0.30521950125694275
                ],
                [
                    510005,
                    0,
                    0.2942892014980316
                ],
                [
                    510006,
                    0,
                    0.2905992269515991
                ]
            ],
            "confidence_moyenne": 0.31816083937883377
        },
        {
            "zone": "centre_droit",
            "nombre_objets": 2,
            "details_objets": [
                [
                    510001,
                    0,
                    0.33362263441085815
                ],
                [
                    510007,
                    0,
                    0.2564623951911926
                ]
            ],
            "confidence_moyenne": 0.2950425148010254
        },
        {
            "zone": "droite",
            "nombre_objets": 2,
            "details_objets": [
                [
                    510002,
                    0,
                    0.32518380880355835
                ],
                [
                    510003,
                    0,
                    0.3127965033054352
                ]
            ],
            "confidence_moyenne": 0.31899015605449677
        }
    ]
}