{
    "frame_id": 492,
    "timestamp": "2024-12-26 21:23:51",
    "detections": [
        {
            "zone": "centre_gauche",
            "nombre_objets": 2,
            "details_objets": [
                [
                    492000,
                    0,
                    0.36189353466033936
                ],
                [
                    492002,
                    0,
                    0.26341408491134644
                ]
            ],
            "confidence_moyenne": 0.3126538097858429
        },
        {
            "zone": "droite",
            "nombre_objets": 1,
            "details_objets": [
                [
                    492001,
                    0,
                    0.31479424238204956
                ]
            ],
            "confidence_moyenne": 0.31479424238204956
        }
    ]
}