{
    "frame_id": 581,
    "timestamp": "2024-12-26 21:25:32",
    "detections": [
        {
            "zone": "centre_gauche",
            "nombre_objets": 5,
            "details_objets": [
                [
                    581000,
                    0,
                    0.3876183331012726
                ],
                [
                    581001,
                    0,
                    0.37410423159599304
                ],
                [
                    581002,
                    0,
                    0.37115055322647095
                ],
                [
                    581004,
                    0,
                    0.2888542711734772
                ],
                [
                    581005,
                    0,
                    0.27350908517837524
                ]
            ],
            "confidence_moyenne": 0.3390472948551178
        },
        {
            "zone": "droite",
            "nombre_objets": 1,
            "details_objets": [
                [
                    581003,
                    0,
                    0.3602481186389923
                ]
            ],
            "confidence_moyenne": 0.3602481186389923
        }
    ]
}