{
    "frame_id": 580,
    "timestamp": "2024-12-26 21:25:31",
    "detections": [
        {
            "zone": "centre_gauche",
            "nombre_objets": 3,
            "details_objets": [
                [
                    580000,
                    0,
                    0.39712563157081604
                ],
                [
                    580001,
                    0,
                    0.3788911700248718
                ],
                [
                    580003,
                    0,
                    0.3644188940525055
                ]
            ],
            "confidence_moyenne": 0.38014523188273114
        },
        {
            "zone": "droite",
            "nombre_objets": 1,
            "details_objets": [
                [
                    580002,
                    0,
                    0.3655915856361389
                ]
            ],
            "confidence_moyenne": 0.3655915856361389
        }
    ]
}