{
    "frame_id": 112,
    "timestamp": "2024-12-26 21:16:28",
    "detections": [
        {
            "zone": "centre_gauche",
            "nombre_objets": 3,
            "details_objets": [
                [
                    112000,
                    0,
                    0.3210042715072632
                ],
                [
                    112001,
                    0,
                    0.3157743513584137
                ],
                [
                    112002,
                    0,
                    0.30485621094703674
                ]
            ],
            "confidence_moyenne": 0.3138782779375712
        }
    ]
}