{
    "frame_id": 288,
    "timestamp": "2024-12-26 21:20:09",
    "detections": [
        {
            "zone": "centre_droit",
            "nombre_objets": 3,
            "details_objets": [
                [
                    288000,
                    0,
                    0.28342005610466003
                ],
                [
                    288001,
                    0,
                    0.2706539034843445
                ],
                [
                    288002,
                    0,
                    0.25851988792419434
                ]
            ],
            "confidence_moyenne": 0.27086461583773297
        }
    ]
}