{
    "frame_id": 107,
    "timestamp": "2024-12-26 21:16:22",
    "detections": [
        {
            "zone": "centre_gauche",
            "nombre_objets": 3,
            "details_objets": [
                [
                    107000,
                    0,
                    0.41136807203292847
                ],
                [
                    107001,
                    0,
                    0.3143054246902466
                ],
                [
                    107002,
                    0,
                    0.2833079397678375
                ]
            ],
            "confidence_moyenne": 0.3363271454970042
        }
    ]
}