{
    "frame_id": 371,
    "timestamp": "2024-12-26 21:21:42",
    "detections": [
        {
            "zone": "centre_droit",
            "nombre_objets": 4,
            "details_objets": [
                [
                    371000,
                    0,
                    0.44324254989624023
                ],
                [
                    371002,
                    0,
                    0.2714448869228363
                ],
                [
                    371003,
                    0,
                    0.26792123913764954
                ],
                [
                    371004,
                    0,
                    0.25926917791366577
                ]
            ],
            "confidence_moyenne": 0.31046946346759796
        },
        {
            "zone": "droite",
            "nombre_objets": 1,
            "details_objets": [
                [
                    371001,
                    0,
                    0.2764979302883148
                ]
            ],
            "confidence_moyenne": 0.2764979302883148
        }
    ]
}