{
    "frame_id": 304,
    "timestamp": "2024-12-26 21:20:25",
    "detections": [
        {
            "zone": "centre_droit",
            "nombre_objets": 1,
            "details_objets": [
                [
                    304000,
                    0,
                    0.2714463174343109
                ]
            ],
            "confidence_moyenne": 0.2714463174343109
        },
        {
            "zone": "droite",
            "nombre_objets": 1,
            "details_objets": [
                [
                    304001,
                    0,
                    0.26113295555114746
                ]
            ],
            "confidence_moyenne": 0.26113295555114746
        }
    ]
}