{
    "frame_id": 220,
    "timestamp": "2024-12-26 21:18:54",
    "detections": [
        {
            "zone": "centre_gauche",
            "nombre_objets": 2,
            "details_objets": [
                [
                    220000,
                    0,
                    0.3570418357849121
                ],
                [
                    220001,
                    0,
                    0.29444465041160583
                ]
            ],
            "confidence_moyenne": 0.32574324309825897
        }
    ]
}