{
    "frame_id": 379,
    "timestamp": "2024-12-26 21:21:51",
    "detections": [
        {
            "zone": "centre_droit",
            "nombre_objets": 3,
            "details_objets": [
                [
                    379000,
                    0,
                    0.3948960602283478
                ],
                [
                    379001,
                    0,
                    0.34730127453804016
                ],
                [
                    379004,
                    0,
                    0.27296438813209534
                ]
            ],
            "confidence_moyenne": 0.3383872409661611
        },
        {
            "zone": "centre_gauche",
            "nombre_objets": 2,
            "details_objets": [
                [
                    379002,
                    0,
                    0.34126442670822144
                ],
                [
                    379003,
                    0,
                    0.29267972707748413
                ]
            ],
            "confidence_moyenne": 0.3169720768928528
        }
    ]
}