{
    "frame_id": 572,
    "timestamp": "2024-12-26 21:25:21",
    "detections": [
        {
            "zone": "centre_gauche",
            "nombre_objets": 4,
            "details_objets": [
                [
                    572000,
                    0,
                    0.3845207393169403
                ],
                [
                    572001,
                    0,
                    0.3330969214439392
                ],
                [
                    572003,
                    0,
                    0.26402196288108826
                ],
                [
                    572004,
                    0,
                    0.25446459650993347
                ]
            ],
            "confidence_moyenne": 0.3090260550379753
        },
        {
            "zone": "centre_droit",
            "nombre_objets": 1,
            "details_objets": [
                [
                    572002,
                    0,
                    0.2718711793422699
                ]
            ],
            "confidence_moyenne": 0.2718711793422699
        }
    ]
}