{
    "frame_id": 479,
    "timestamp": "2024-12-26 21:23:37",
    "detections": [
        {
            "zone": "gauche",
            "nombre_objets": 1,
            "details_objets": [
                [
                    479001,
                    0,
                    0.34293532371520996
                ]
            ],
            "confidence_moyenne": 0.34293532371520996
        },
        {
            "zone": "centre_gauche",
            "nombre_objets": 3,
            "details_objets": [
                [
                    479002,
                    0,
                    0.3419016897678375
                ],
                [
                    479003,
                    0,
                    0.3085651397705078
                ],
                [
                    479004,
                    0,
                    0.29975587129592896
                ]
            ],
            "confidence_moyenne": 0.31674090027809143
        },
        {
            "zone": "droite",
            "nombre_objets": 1,
            "details_objets": [
                [
                    479000,
                    0,
                    0.3740829527378082
                ]
            ],
            "confidence_moyenne": 0.3740829527378082
        },
        {
            "zone": "centre_droit",
            "nombre_objets": 1,
            "details_objets": [
                [
                    479005,
                    0,
                    0.27865976095199585
                ]
            ],
            "confidence_moyenne": 0.27865976095199585
        }
    ]
}