{
    "frame_id": 126,
    "timestamp": "2024-12-26 21:16:48",
    "detections": [
        {
            "zone": "centre_gauche",
            "nombre_objets": 3,
            "details_objets": [
                [
                    126000,
                    0,
                    0.40698641538619995
                ],
                [
                    126001,
                    0,
                    0.33585959672927856
                ],
                [
                    126002,
                    0,
                    0.3134937584400177
                ]
            ],
            "confidence_moyenne": 0.3521132568518321
        }
    ]
}