{
    "frame_id": 478,
    "timestamp": "2024-12-26 21:23:36",
    "detections": [
        {
            "zone": "gauche",
            "nombre_objets": 1,
            "details_objets": [
                [
                    478001,
                    0,
                    0.31082749366760254
                ]
            ],
            "confidence_moyenne": 0.31082749366760254
        },
        {
            "zone": "centre_gauche",
            "nombre_objets": 2,
            "details_objets": [
                [
                    478000,
                    0,
                    0.3998309373855591
                ],
                [
                    478002,
                    0,
                    0.30636101961135864
                ]
            ],
            "confidence_moyenne": 0.35309597849845886
        },
        {
            "zone": "centre_droit",
            "nombre_objets": 1,
            "details_objets": [
                [
                    478004,
                    0,
                    0.25770440697669983
                ]
            ],
            "confidence_moyenne": 0.25770440697669983
        },
        {
            "zone": "droite",
            "nombre_objets": 1,
            "details_objets": [
                [
                    478003,
                    0,
                    0.27616196870803833
                ]
            ],
            "confidence_moyenne": 0.27616196870803833
        }
    ]
}