{
    "frame_id": 426,
    "timestamp": "2024-12-26 21:22:44",
    "detections": [
        {
            "zone": "centre_droit",
            "nombre_objets": 1,
            "details_objets": [
                [
                    426000,
                    0,
                    0.45106688141822815
                ]
            ],
            "confidence_moyenne": 0.45106688141822815
        },
        {
            "zone": "centre_gauche",
            "nombre_objets": 1,
            "details_objets": [
                [
                    426001,
                    0,
                    0.34044361114501953
                ]
            ],
            "confidence_moyenne": 0.34044361114501953
        }
    ]
}