{
    "frame_id": 577,
    "timestamp": "2024-12-26 21:25:27",
    "detections": [
        {
            "zone": "centre_gauche",
            "nombre_objets": 4,
            "details_objets": [
                [
                    577000,
                    0,
                    0.3986011743545532
                ],
                [
                    577001,
                    0,
                    0.37885168194770813
                ],
                [
                    577002,
                    0,
                    0.35036149621009827
                ],
                [
                    577005,
                    0,
                    0.2736896276473999
                ]
            ],
            "confidence_moyenne": 0.3503759950399399
        },
        {
            "zone": "centre_droit",
            "nombre_objets": 1,
            "details_objets": [
                [
                    577004,
                    0,
                    0.2835407853126526
                ]
            ],
            "confidence_moyenne": 0.2835407853126526
        },
        {
            "zone": "droite",
            "nombre_objets": 1,
            "details_objets": [
                [
                    577003,
                    0,
                    0.331035852432251
                ]
            ],
            "confidence_moyenne": 0.331035852432251
        }
    ]
}