{
    "frame_id": 353,
    "timestamp": "2024-12-26 21:21:22",
    "detections": [
        {
            "zone": "centre_droit",
            "nombre_objets": 2,
            "details_objets": [
                [
                    353000,
                    0,
                    0.4484977722167969
                ],
                [
                    353001,
                    0,
                    0.36874982714653015
                ]
            ],
            "confidence_moyenne": 0.4086237996816635
        }
    ]
}