{
    "frame_id": 87,
    "timestamp": "2024-12-26 21:15:54",
    "detections": [
        {
            "zone": "centre_gauche",
            "nombre_objets": 3,
            "details_objets": [
                [
                    87000,
                    0,
                    0.3929910659790039
                ],
                [
                    87001,
                    0,
                    0.28918710350990295
                ],
                [
                    87002,
                    0,
                    0.2653922736644745
                ]
            ],
            "confidence_moyenne": 0.31585681438446045
        }
    ]
}