{
    "frame_id": 135,
    "timestamp": "2024-12-26 21:16:59",
    "detections": [
        {
            "zone": "centre_gauche",
            "nombre_objets": 1,
            "details_objets": [
                [
                    135000,
                    0,
                    0.3080682158470154
                ]
            ],
            "confidence_moyenne": 0.3080682158470154
        },
        {
            "zone": "centre_droit",
            "nombre_objets": 1,
            "details_objets": [
                [
                    135001,
                    0,
                    0.2548438310623169
                ]
            ],
            "confidence_moyenne": 0.2548438310623169
        }
    ]
}