{
    "frame_id": 354,
    "timestamp": "2024-12-26 21:21:23",
    "detections": [
        {
            "zone": "centre_droit",
            "nombre_objets": 2,
            "details_objets": [
                [
                    354000,
                    0,
                    0.4443308711051941
                ],
                [
                    354001,
                    0,
                    0.3562147915363312
                ]
            ],
            "confidence_moyenne": 0.40027283132076263
        }
    ]
}