{
    "frame_id": 322,
    "timestamp": "2024-12-26 21:20:47",
    "detections": [
        {
            "zone": "gauche",
            "nombre_objets": 1,
            "details_objets": [
                [
                    322001,
                    0,
                    0.39565128087997437
                ]
            ],
            "confidence_moyenne": 0.39565128087997437
        },
        {
            "zone": "centre_droit",
            "nombre_objets": 1,
            "details_objets": [
                [
                    322000,
                    0,
                    0.4510163366794586
                ]
            ],
            "confidence_moyenne": 0.4510163366794586
        },
        {
            "zone": "centre_gauche",
            "nombre_objets": 1,
            "details_objets": [
                [
                    322003,
                    0,
                    0.2768631875514984
                ]
            ],
            "confidence_moyenne": 0.2768631875514984
        },
        {
            "zone": "droite",
            "nombre_objets": 1,
            "details_objets": [
                [
                    322002,
                    0,
                    0.27786266803741455
                ]
            ],
            "confidence_moyenne": 0.27786266803741455
        }
    ]
}