{
    "frame_id": 295,
    "timestamp": "2024-12-26 21:20:18",
    "detections": [
        {
            "zone": "centre_droit",
            "nombre_objets": 2,
            "details_objets": [
                [
                    295000,
                    0,
                    0.3027518689632416
                ],
                [
                    295001,
                    0,
                    0.25879690051078796
                ]
            ],
            "confidence_moyenne": 0.28077438473701477
        }
    ]
}