{
    "frame_id": 579,
    "timestamp": "2024-12-26 21:25:30",
    "detections": [
        {
            "zone": "centre_gauche",
            "nombre_objets": 4,
            "details_objets": [
                [
                    579000,
                    0,
                    0.39230647683143616
                ],
                [
                    579001,
                    0,
                    0.37172645330429077
                ],
                [
                    579002,
                    0,
                    0.3646319806575775
                ],
                [
                    579004,
                    0,
                    0.26735737919807434
                ]
            ],
            "confidence_moyenne": 0.3490055724978447
        },
        {
            "zone": "droite",
            "nombre_objets": 1,
            "details_objets": [
                [
                    579003,
                    0,
                    0.35117730498313904
                ]
            ],
            "confidence_moyenne": 0.35117730498313904
        }
    ]
}