{
    "frame_id": 535,
    "timestamp": "2024-12-26 21:24:39",
    "detections": [
        {
            "zone": "centre_droit",
            "nombre_objets": 2,
            "details_objets": [
                [
                    535001,
                    0,
                    0.343537300825119
                ],
                [
                    535002,
                    0,
                    0.3056122958660126
                ]
            ],
            "confidence_moyenne": 0.3245747983455658
        },
        {
            "zone": "droite",
            "nombre_objets": 1,
            "details_objets": [
                [
                    535000,
                    0,
                    0.3756501078605652
                ]
            ],
            "confidence_moyenne": 0.3756501078605652
        },
        {
            "zone": "centre_gauche",
            "nombre_objets": 1,
            "details_objets": [
                [
                    535003,
                    0,
                    0.30048587918281555
                ]
            ],
            "confidence_moyenne": 0.30048587918281555
        }
    ]
}