{
    "frame_id": 363,
    "timestamp": "2024-12-26 21:21:33",
    "detections": [
        {
            "zone": "centre_gauche",
            "nombre_objets": 1,
            "details_objets": [
                [
                    363001,
                    0,
                    0.3907482922077179
                ]
            ],
            "confidence_moyenne": 0.3907482922077179
        },
        {
            "zone": "centre_droit",
            "nombre_objets": 3,
            "details_objets": [
                [
                    363000,
                    0,
                    0.45158466696739197
                ],
                [
                    363002,
                    0,
                    0.3414272665977478
                ],
                [
                    363003,
                    0,
                    0.27100518345832825
                ]
            ],
            "confidence_moyenne": 0.354672372341156
        }
    ]
}