{
    "frame_id": 25,
    "timestamp": "2024-12-26 21:13:53",
    "detections": [
        {
            "zone": "centre_gauche",
            "nombre_objets": 2,
            "details_objets": [
                [
                    25000,
                    0,
                    0.3240240812301636
                ],
                [
                    25002,
                    0,
                    0.28324562311172485
                ]
            ],
            "confidence_moyenne": 0.3036348521709442
        },
        {
            "zone": "droite",
            "nombre_objets": 1,
            "details_objets": [
                [
                    25001,
                    0,
                    0.30663424730300903
                ]
            ],
            "confidence_moyenne": 0.30663424730300903
        }
    ]
}