{
    "frame_id": 474,
    "timestamp": "2024-12-26 21:23:32",
    "detections": [
        {
            "zone": "gauche",
            "nombre_objets": 1,
            "details_objets": [
                [
                    474002,
                    0,
                    0.34210678935050964
                ]
            ],
            "confidence_moyenne": 0.34210678935050964
        },
        {
            "zone": "centre_gauche",
            "nombre_objets": 2,
            "details_objets": [
                [
                    474000,
                    0,
                    0.4362364113330841
                ],
                [
                    474004,
                    0,
                    0.28242743015289307
                ]
            ],
            "confidence_moyenne": 0.3593319207429886
        },
        {
            "zone": "droite",
            "nombre_objets": 2,
            "details_objets": [
                [
                    474001,
                    0,
                    0.3632585108280182
                ],
                [
                    474005,
                    0,
                    0.25984489917755127
                ]
            ],
            "confidence_moyenne": 0.31155170500278473
        },
        {
            "zone": "centre_droit",
            "nombre_objets": 1,
            "details_objets": [
                [
                    474003,
                    0,
                    0.31386134028434753
                ]
            ],
            "confidence_moyenne": 0.31386134028434753
        }
    ]
}