{
    "frame_id": 49,
    "timestamp": "2024-12-26 21:14:44",
    "detections": [
        {
            "zone": "centre_gauche",
            "nombre_objets": 2,
            "details_objets": [
                [
                    49000,
                    0,
                    0.40800192952156067
                ],
                [
                    49001,
                    0,
                    0.33922824263572693
                ]
            ],
            "confidence_moyenne": 0.3736150860786438
        }
    ]
}