{
    "frame_id": 209,
    "timestamp": "2024-12-26 21:18:40",
    "detections": [
        {
            "zone": "centre_gauche",
            "nombre_objets": 3,
            "details_objets": [
                [
                    209000,
                    0,
                    0.4052629768848419
                ],
                [
                    209001,
                    0,
                    0.35941848158836365
                ],
                [
                    209002,
                    0,
                    0.3315861225128174
                ]
            ],
            "confidence_moyenne": 0.365422526995341
        }
    ]
}