{
    "frame_id": 410,
    "timestamp": "2024-12-26 21:22:25",
    "detections": [
        {
            "zone": "centre_gauche",
            "nombre_objets": 1,
            "details_objets": [
                [
                    410000,
                    0,
                    0.34362271428108215
                ]
            ],
            "confidence_moyenne": 0.34362271428108215
        },
        {
            "zone": "centre_droit",
            "nombre_objets": 1,
            "details_objets": [
                [
                    410001,
                    0,
                    0.3168566823005676
                ]
            ],
            "confidence_moyenne": 0.3168566823005676
        }
    ]
}