{
    "frame_id": 260,
    "timestamp": "2024-12-26 21:19:37",
    "detections": [
        {
            "zone": "gauche",
            "nombre_objets": 1,
            "details_objets": [
                [
                    260001,
                    0,
                    0.30800437927246094
                ]
            ],
            "confidence_moyenne": 0.30800437927246094
        },
        {
            "zone": "centre_droit",
            "nombre_objets": 1,
            "details_objets": [
                [
                    260000,
                    0,
                    0.3163509964942932
                ]
            ],
            "confidence_moyenne": 0.3163509964942932
        },
        {
            "zone": "centre_gauche",
            "nombre_objets": 1,
            "details_objets": [
                [
                    260003,
                    0,
                    0.25120699405670166
                ]
            ],
            "confidence_moyenne": 0.25120699405670166
        },
        {
            "zone": "droite",
            "nombre_objets": 1,
            "details_objets": [
                [
                    260002,
                    0,
                    0.2625584602355957
                ]
            ],
            "confidence_moyenne": 0.2625584602355957
        }
    ]
}