{
    "frame_id": 189,
    "timestamp": "2024-12-26 21:18:16",
    "detections": [
        {
            "zone": "centre_gauche",
            "nombre_objets": 1,
            "details_objets": [
                [
                    189000,
                    0,
                    0.45505619049072266
                ]
            ],
            "confidence_moyenne": 0.45505619049072266
        },
        {
            "zone": "centre_droit",
            "nombre_objets": 1,
            "details_objets": [
                [
                    189001,
                    0,
                    0.3233124911785126
                ]
            ],
            "confidence_moyenne": 0.3233124911785126
        }
    ]
}