{
    "frame_id": 360,
    "timestamp": "2024-12-26 21:21:30",
    "detections": [
        {
            "zone": "centre_droit",
            "nombre_objets": 1,
            "details_objets": [
                [
                    360000,
                    0,
                    0.4634978175163269
                ]
            ],
            "confidence_moyenne": 0.4634978175163269
        },
        {
            "zone": "centre_gauche",
            "nombre_objets": 1,
            "details_objets": [
                [
                    360001,
                    0,
                    0.3375537693500519
                ]
            ],
            "confidence_moyenne": 0.3375537693500519
        }
    ]
}