{
    "frame_id": 486,
    "timestamp": "2024-12-26 21:23:46",
    "detections": [
        {
            "zone": "centre_gauche",
            "nombre_objets": 4,
            "details_objets": [
                [
                    486000,
                    0,
                    0.30298811197280884
                ],
                [
                    486001,
                    0,
                    0.2809118628501892
                ],
                [
                    486003,
                    0,
                    0.26927441358566284
                ],
                [
                    486004,
                    0,
                    0.257608026266098
                ]
            ],
            "confidence_moyenne": 0.27769560366868973
        },
        {
            "zone": "droite",
            "nombre_objets": 1,
            "details_objets": [
                [
                    486002,
                    0,
                    0.27122762799263
                ]
            ],
            "confidence_moyenne": 0.27122762799263
        }
    ]
}