{
    "frame_id": 534,
    "timestamp": "2024-12-26 21:24:38",
    "detections": [
        {
            "zone": "centre_gauche",
            "nombre_objets": 2,
            "details_objets": [
                [
                    534001,
                    0,
                    0.3001268208026886
                ],
                [
                    534003,
                    0,
                    0.27740368247032166
                ]
            ],
            "confidence_moyenne": 0.2887652516365051
        },
        {
            "zone": "centre_droit",
            "nombre_objets": 2,
            "details_objets": [
                [
                    534000,
                    0,
                    0.35366517305374146
                ],
                [
                    534004,
                    0,
                    0.2672043740749359
                ]
            ],
            "confidence_moyenne": 0.3104347735643387
        },
        {
            "zone": "droite",
            "nombre_objets": 1,
            "details_objets": [
                [
                    534002,
                    0,
                    0.2880007326602936
                ]
            ],
            "confidence_moyenne": 0.2880007326602936
        }
    ]
}