{
    "frame_id": 555,
    "timestamp": "2024-12-26 21:25:03",
    "detections": [
        {
            "zone": "centre_gauche",
            "nombre_objets": 4,
            "details_objets": [
                [
                    555000,
                    0,
                    0.3684280812740326
                ],
                [
                    555001,
                    0,
                    0.3582674562931061
                ],
                [
                    555002,
                    0,
                    0.3522213399410248
                ],
                [
                    555003,
                    0,
                    0.3071170449256897
                ]
            ],
            "confidence_moyenne": 0.3465084806084633
        },
        {
            "zone": "centre_droit",
            "nombre_objets": 1,
            "details_objets": [
                [
                    555004,
                    0,
                    0.25006699562072754
                ]
            ],
            "confidence_moyenne": 0.25006699562072754
        }
    ]
}