{
    "frame_id": 178,
    "timestamp": "2024-12-26 21:18:00",
    "detections": [
        {
            "zone": "centre_gauche",
            "nombre_objets": 1,
            "details_objets": [
                [
                    178000,
                    0,
                    0.44526341557502747
                ]
            ],
            "confidence_moyenne": 0.44526341557502747
        },
        {
            "zone": "centre_droit",
            "nombre_objets": 2,
            "details_objets": [
                [
                    178001,
                    0,
                    0.35521233081817627
                ],
                [
                    178002,
                    0,
                    0.281098872423172
                ]
            ],
            "confidence_moyenne": 0.31815560162067413
        }
    ]
}