{
    "frame_id": 548,
    "timestamp": "2024-12-26 21:24:53",
    "detections": [
        {
            "zone": "centre_gauche",
            "nombre_objets": 3,
            "details_objets": [
                [
                    548000,
                    0,
                    0.36817267537117004
                ],
                [
                    548001,
                    0,
                    0.3494717478752136
                ],
                [
                    548002,
                    0,
                    0.33701980113983154
                ]
            ],
            "confidence_moyenne": 0.3515547414620717
        },
        {
            "zone": "droite",
            "nombre_objets": 1,
            "details_objets": [
                [
                    548003,
                    0,
                    0.2783902883529663
                ]
            ],
            "confidence_moyenne": 0.2783902883529663
        }
    ]
}