{
    "frame_id": 164,
    "timestamp": "2024-12-26 21:17:41",
    "detections": [
        {
            "zone": "centre_gauche",
            "nombre_objets": 2,
            "details_objets": [
                [
                    164000,
                    0,
                    0.44825494289398193
                ],
                [
                    164001,
                    0,
                    0.3419325053691864
                ]
            ],
            "confidence_moyenne": 0.39509372413158417
        },
        {
            "zone": "centre_droit",
            "nombre_objets": 1,
            "details_objets": [
                [
                    164002,
                    0,
                    0.3166615664958954
                ]
            ],
            "confidence_moyenne": 0.3166615664958954
        }
    ]
}