{
    "frame_id": 587,
    "timestamp": "2024-12-26 21:25:37",
    "detections": [
        {
            "zone": "centre_gauche",
            "nombre_objets": 3,
            "details_objets": [
                [
                    587001,
                    0,
                    0.3724644184112549
                ],
                [
                    587002,
                    0,
                    0.3563084900379181
                ],
                [
                    587003,
                    0,
                    0.2889932692050934
                ]
            ],
            "confidence_moyenne": 0.3392553925514221
        },
        {
            "zone": "centre_droit",
            "nombre_objets": 1,
            "details_objets": [
                [
                    587000,
                    0,
                    0.4159100651741028
                ]
            ],
            "confidence_moyenne": 0.4159100651741028
        }
    ]
}