{
    "frame_id": 583,
    "timestamp": "2024-12-26 21:25:34",
    "detections": [
        {
            "zone": "centre_gauche",
            "nombre_objets": 3,
            "details_objets": [
                [
                    583000,
                    0,
                    0.3733862638473511
                ],
                [
                    583001,
                    0,
                    0.36857521533966064
                ],
                [
                    583002,
                    0,
                    0.36700835824012756
                ]
            ],
            "confidence_moyenne": 0.3696566124757131
        },
        {
            "zone": "droite",
            "nombre_objets": 1,
            "details_objets": [
                [
                    583003,
                    0,
                    0.3135059177875519
                ]
            ],
            "confidence_moyenne": 0.3135059177875519
        }
    ]
}