{
    "frame_id": 368,
    "timestamp": "2024-12-26 21:21:38",
    "detections": [
        {
            "zone": "centre_droit",
            "nombre_objets": 2,
            "details_objets": [
                [
                    368000,
                    0,
                    0.4676365852355957
                ],
                [
                    368001,
                    0,
                    0.329154908657074
                ]
            ],
            "confidence_moyenne": 0.39839574694633484
        },
        {
            "zone": "gauche",
            "nombre_objets": 1,
            "details_objets": [
                [
                    368002,
                    0,
                    0.28654003143310547
                ]
            ],
            "confidence_moyenne": 0.28654003143310547
        },
        {
            "zone": "centre_gauche",
            "nombre_objets": 1,
            "details_objets": [
                [
                    368003,
                    0,
                    0.28587767481803894
                ]
            ],
            "confidence_moyenne": 0.28587767481803894
        }
    ]
}