{
    "frame_id": 92,
    "timestamp": "2024-12-26 21:16:01",
    "detections": [
        {
            "zone": "centre_gauche",
            "nombre_objets": 2,
            "details_objets": [
                [
                    92000,
                    0,
                    0.32866692543029785
                ],
                [
                    92001,
                    0,
                    0.27962368726730347
                ]
            ],
            "confidence_moyenne": 0.30414530634880066
        }
    ]
}