{
    "frame_id": 250,
    "timestamp": "2024-12-26 21:19:25",
    "detections": [
        {
            "zone": "centre_gauche",
            "nombre_objets": 2,
            "details_objets": [
                [
                    250001,
                    0,
                    0.39789432287216187
                ],
                [
                    250002,
                    0,
                    0.31393712759017944
                ]
            ],
            "confidence_moyenne": 0.35591572523117065
        },
        {
            "zone": "centre_droit",
            "nombre_objets": 1,
            "details_objets": [
                [
                    250000,
                    0,
                    0.4085150361061096
                ]
            ],
            "confidence_moyenne": 0.4085150361061096
        },
        {
            "zone": "droite",
            "nombre_objets": 1,
            "details_objets": [
                [
                    250003,
                    0,
                    0.30669236183166504
                ]
            ],
            "confidence_moyenne": 0.30669236183166504
        }
    ]
}