{
    "frame_id": 256,
    "timestamp": "2024-12-26 21:19:33",
    "detections": [
        {
            "zone": "centre_droit",
            "nombre_objets": 1,
            "details_objets": [
                [
                    256000,
                    0,
                    0.33094656467437744
                ]
            ],
            "confidence_moyenne": 0.33094656467437744
        },
        {
            "zone": "centre_gauche",
            "nombre_objets": 1,
            "details_objets": [
                [
                    256001,
                    0,
                    0.2588846683502197
                ]
            ],
            "confidence_moyenne": 0.2588846683502197
        }
    ]
}