{
    "frame_id": 230,
    "timestamp": "2024-12-26 21:19:06",
    "detections": [
        {
            "zone": "centre_gauche",
            "nombre_objets": 3,
            "details_objets": [
                [
                    230000,
                    0,
                    0.3190877437591553
                ],
                [
                    230001,
                    0,
                    0.2785312533378601
                ],
                [
                    230002,
                    0,
                    0.2680049538612366
                ]
            ],
            "confidence_moyenne": 0.288541316986084
        }
    ]
}