{
    "frame_id": 192,
    "timestamp": "2024-12-26 21:18:20",
    "detections": [
        {
            "zone": "centre_gauche",
            "nombre_objets": 1,
            "details_objets": [
                [
                    192000,
                    0,
                    0.4590884745121002
                ]
            ],
            "confidence_moyenne": 0.4590884745121002
        },
        {
            "zone": "centre_droit",
            "nombre_objets": 2,
            "details_objets": [
                [
                    192001,
                    0,
                    0.38779792189598083
                ],
                [
                    192002,
                    0,
                    0.36536186933517456
                ]
            ],
            "confidence_moyenne": 0.3765798956155777
        }
    ]
}