{
    "frame_id": 413,
    "timestamp": "2024-12-26 21:22:30",
    "detections": [
        {
            "zone": "centre_droit",
            "nombre_objets": 1,
            "details_objets": [
                [
                    413000,
                    0,
                    0.33781856298446655
                ]
            ],
            "confidence_moyenne": 0.33781856298446655
        },
        {
            "zone": "centre_gauche",
            "nombre_objets": 1,
            "details_objets": [
                [
                    413001,
                    0,
                    0.30183351039886475
                ]
            ],
            "confidence_moyenne": 0.30183351039886475
        }
    ]
}