{
    "frame_id": 71,
    "timestamp": "2024-12-26 21:15:28",
    "detections": [
        {
            "zone": "centre_gauche",
            "nombre_objets": 2,
            "details_objets": [
                [
                    71000,
                    0,
                    0.31551259756088257
                ],
                [
                    71001,
                    0,
                    0.25242167711257935
                ]
            ],
            "confidence_moyenne": 0.28396713733673096
        }
    ]
}