{
    "frame_id": 518,
    "timestamp": "2024-12-26 21:24:21",
    "detections": [
        {
            "zone": "centre_gauche",
            "nombre_objets": 4,
            "details_objets": [
                [
                    518000,
                    0,
                    0.39391133189201355
                ],
                [
                    518001,
                    0,
                    0.3658410608768463
                ],
                [
                    518003,
                    0,
                    0.3104575276374817
                ],
                [
                    518004,
                    0,
                    0.28447800874710083
                ]
            ],
            "confidence_moyenne": 0.3386719822883606
        },
        {
            "zone": "droite",
            "nombre_objets": 1,
            "details_objets": [
                [
                    518002,
                    0,
                    0.34260016679763794
                ]
            ],
            "confidence_moyenne": 0.34260016679763794
        }
    ]
}