{
    "frame_id": 576,
    "timestamp": "2024-12-26 21:25:26",
    "detections": [
        {
            "zone": "centre_gauche",
            "nombre_objets": 3,
            "details_objets": [
                [
                    576000,
                    0,
                    0.40292710065841675
                ],
                [
                    576001,
                    0,
                    0.3862002491950989
                ],
                [
                    576002,
                    0,
                    0.3551936447620392
                ]
            ],
            "confidence_moyenne": 0.38144033153851825
        },
        {
            "zone": "centre_droit",
            "nombre_objets": 1,
            "details_objets": [
                [
                    576003,
                    0,
                    0.3270918130874634
                ]
            ],
            "confidence_moyenne": 0.3270918130874634
        },
        {
            "zone": "droite",
            "nombre_objets": 1,
            "details_objets": [
                [
                    576004,
                    0,
                    0.3207160532474518
                ]
            ],
            "confidence_moyenne": 0.3207160532474518
        }
    ]
}