{
    "frame_id": 115,
    "timestamp": "2024-12-26 21:16:33",
    "detections": [
        {
            "zone": "centre_gauche",
            "nombre_objets": 4,
            "details_objets": [
                [
                    115000,
                    0,
                    0.35284388065338135
                ],
                [
                    115001,
                    0,
                    0.29476261138916016
                ],
                [
                    115002,
                    0,
                    0.2846510708332062
                ],
                [
                    115003,
                    0,
                    0.2515847980976105
                ]
            ],
            "confidence_moyenne": 0.29596059024333954
        }
    ]
}