{
    "frame_id": 222,
    "timestamp": "2024-12-26 21:18:56",
    "detections": [
        {
            "zone": "centre_gauche",
            "nombre_objets": 3,
            "details_objets": [
                [
                    222000,
                    0,
                    0.40450894832611084
                ],
                [
                    222001,
                    0,
                    0.35001376271247864
                ],
                [
                    222002,
                    0,
                    0.3250565230846405
                ]
            ],
            "confidence_moyenne": 0.35985974470774335
        }
    ]
}