{
    "frame_id": 396,
    "timestamp": "2024-12-26 21:22:10",
    "detections": [
        {
            "zone": "centre_gauche",
            "nombre_objets": 3,
            "details_objets": [
                [
                    396001,
                    0,
                    0.39377814531326294
                ],
                [
                    396002,
                    0,
                    0.30117976665496826
                ],
                [
                    396003,
                    0,
                    0.2756476402282715
                ]
            ],
            "confidence_moyenne": 0.3235351840655009
        },
        {
            "zone": "centre_droit",
            "nombre_objets": 1,
            "details_objets": [
                [
                    396000,
                    0,
                    0.39523282647132874
                ]
            ],
            "confidence_moyenne": 0.39523282647132874
        }
    ]
}