{
    "frame_id": 568,
    "timestamp": "2024-12-26 21:25:17",
    "detections": [
        {
            "zone": "centre_gauche",
            "nombre_objets": 4,
            "details_objets": [
                [
                    568000,
                    0,
                    0.38088470697402954
                ],
                [
                    568002,
                    0,
                    0.2918870449066162
                ],
                [
                    568003,
                    0,
                    0.28155651688575745
                ],
                [
                    568005,
                    0,
                    0.27521589398384094
                ]
            ],
            "confidence_moyenne": 0.30738604068756104
        },
        {
            "zone": "droite",
            "nombre_objets": 1,
            "details_objets": [
                [
                    568001,
                    0,
                    0.3647076189517975
                ]
            ],
            "confidence_moyenne": 0.3647076189517975
        },
        {
            "zone": "centre_droit",
            "nombre_objets": 1,
            "details_objets": [
                [
                    568004,
                    0,
                    0.27777332067489624
                ]
            ],
            "confidence_moyenne": 0.27777332067489624
        }
    ]
}