{
    "frame_id": 120,
    "timestamp": "2024-12-26 21:16:39",
    "detections": [
        {
            "zone": "centre_gauche",
            "nombre_objets": 2,
            "details_objets": [
                [
                    120000,
                    0,
                    0.43402618169784546
                ],
                [
                    120001,
                    0,
                    0.3712588846683502
                ]
            ],
            "confidence_moyenne": 0.40264253318309784
        }
    ]
}