{
    "frame_id": 31,
    "timestamp": "2024-12-26 21:14:06",
    "detections": [
        {
            "zone": "centre_gauche",
            "nombre_objets": 2,
            "details_objets": [
                [
                    31000,
                    0,
                    0.37153875827789307
                ],
                [
                    31001,
                    0,
                    0.29842451214790344
                ]
            ],
            "confidence_moyenne": 0.33498163521289825
        }
    ]
}