{
    "frame_id": 564,
    "timestamp": "2024-12-26 21:25:13",
    "detections": [
        {
            "zone": "centre_gauche",
            "nombre_objets": 3,
            "details_objets": [
                [
                    564000,
                    0,
                    0.3864753842353821
                ],
                [
                    564001,
                    0,
                    0.3498076796531677
                ],
                [
                    564003,
                    0,
                    0.31611454486846924
                ]
            ],
            "confidence_moyenne": 0.35079920291900635
        },
        {
            "zone": "centre_droit",
            "nombre_objets": 1,
            "details_objets": [
                [
                    564002,
                    0,
                    0.32887548208236694
                ]
            ],
            "confidence_moyenne": 0.32887548208236694
        },
        {
            "zone": "droite",
            "nombre_objets": 1,
            "details_objets": [
                [
                    564004,
                    0,
                    0.25840747356414795
                ]
            ],
            "confidence_moyenne": 0.25840747356414795
        }
    ]
}