{
    "frame_id": 516,
    "timestamp": "2024-12-26 21:24:19",
    "detections": [
        {
            "zone": "centre_gauche",
            "nombre_objets": 4,
            "details_objets": [
                [
                    516001,
                    0,
                    0.3781602680683136
                ],
                [
                    516002,
                    0,
                    0.365504652261734
                ],
                [
                    516003,
                    0,
                    0.340175986289978
                ],
                [
                    516006,
                    0,
                    0.2975853681564331
                ]
            ],
            "confidence_moyenne": 0.3453565686941147
        },
        {
            "zone": "droite",
            "nombre_objets": 2,
            "details_objets": [
                [
                    516000,
                    0,
                    0.41117748618125916
                ],
                [
                    516004,
                    0,
                    0.3240024447441101
                ]
            ],
            "confidence_moyenne": 0.36758996546268463
        },
        {
            "zone": "centre_droit",
            "nombre_objets": 1,
            "details_objets": [
                [
                    516005,
                    0,
                    0.3151554465293884
                ]
            ],
            "confidence_moyenne": 0.3151554465293884
        }
    ]
}