{
    "frame_id": 60,
    "timestamp": "2024-12-26 21:15:06",
    "detections": [
        {
            "zone": "centre_gauche",
            "nombre_objets": 4,
            "details_objets": [
                [
                    60000,
                    0,
                    0.3222847282886505
                ],
                [
                    60001,
                    0,
                    0.2913122773170471
                ],
                [
                    60002,
                    0,
                    0.28147056698799133
                ],
                [
                    60003,
                    0,
                    0.26187825202941895
                ]
            ],
            "confidence_moyenne": 0.289236456155777
        }
    ]
}