{
    "frame_id": 308,
    "timestamp": "2024-12-26 21:20:31",
    "detections": [
        {
            "zone": "gauche",
            "nombre_objets": 1,
            "details_objets": [
                [
                    308000,
                    0,
                    0.26427698135375977
                ]
            ],
            "confidence_moyenne": 0.26427698135375977
        },
        {
            "zone": "centre_droit",
            "nombre_objets": 1,
            "details_objets": [
                [
                    308001,
                    0,
                    0.2510572671890259
                ]
            ],
            "confidence_moyenne": 0.2510572671890259
        }
    ]
}