{
    "frame_id": 370,
    "timestamp": "2024-12-26 21:21:40",
    "detections": [
        {
            "zone": "centre_droit",
            "nombre_objets": 2,
            "details_objets": [
                [
                    370000,
                    0,
                    0.46295875310897827
                ],
                [
                    370001,
                    0,
                    0.33715513348579407
                ]
            ],
            "confidence_moyenne": 0.40005694329738617
        },
        {
            "zone": "centre_gauche",
            "nombre_objets": 1,
            "details_objets": [
                [
                    370002,
                    0,
                    0.279514342546463
                ]
            ],
            "confidence_moyenne": 0.279514342546463
        }
    ]
}