{
    "frame_id": 29,
    "timestamp": "2024-12-26 21:14:01",
    "detections": [
        {
            "zone": "centre_gauche",
            "nombre_objets": 2,
            "details_objets": [
                [
                    29000,
                    0,
                    0.3761538863182068
                ],
                [
                    29001,
                    0,
                    0.2853962182998657
                ]
            ],
            "confidence_moyenne": 0.33077505230903625
        }
    ]
}