{
    "frame_id": 183,
    "timestamp": "2024-12-26 21:18:07",
    "detections": [
        {
            "zone": "centre_gauche",
            "nombre_objets": 2,
            "details_objets": [
                [
                    183000,
                    0,
                    0.40328744053840637
                ],
                [
                    183001,
                    0,
                    0.2545020580291748
                ]
            ],
            "confidence_moyenne": 0.3288947492837906
        }
    ]
}