{
    "frame_id": 185,
    "timestamp": "2024-12-26 21:18:10",
    "detections": [
        {
            "zone": "centre_gauche",
            "nombre_objets": 3,
            "details_objets": [
                [
                    185000,
                    0,
                    0.4846629202365875
                ],
                [
                    185001,
                    0,
                    0.3056628108024597
                ],
                [
                    185002,
                    0,
                    0.2664187550544739
                ]
            ],
            "confidence_moyenne": 0.3522481620311737
        }
    ]
}