{
    "frame_id": 44,
    "timestamp": "2024-12-26 21:14:33",
    "detections": [
        {
            "zone": "centre_gauche",
            "nombre_objets": 3,
            "details_objets": [
                [
                    44000,
                    0,
                    0.379036009311676
                ],
                [
                    44001,
                    0,
                    0.3465017080307007
                ],
                [
                    44002,
                    0,
                    0.27759477496147156
                ]
            ],
            "confidence_moyenne": 0.3343774974346161
        }
    ]
}