{
    "frame_id": 519,
    "timestamp": "2024-12-26 21:24:22",
    "detections": [
        {
            "zone": "centre_gauche",
            "nombre_objets": 4,
            "details_objets": [
                [
                    519000,
                    0,
                    0.3867407441139221
                ],
                [
                    519001,
                    0,
                    0.34295034408569336
                ],
                [
                    519002,
                    0,
                    0.3421363830566406
                ],
                [
                    519005,
                    0,
                    0.256683349609375
                ]
            ],
            "confidence_moyenne": 0.3321277052164078
        },
        {
            "zone": "centre_droit",
            "nombre_objets": 1,
            "details_objets": [
                [
                    519004,
                    0,
                    0.2595001459121704
                ]
            ],
            "confidence_moyenne": 0.2595001459121704
        },
        {
            "zone": "droite",
            "nombre_objets": 1,
            "details_objets": [
                [
                    519003,
                    0,
                    0.32456856966018677
                ]
            ],
            "confidence_moyenne": 0.32456856966018677
        }
    ]
}