{
    "frame_id": 151,
    "timestamp": "2024-12-26 21:17:24",
    "detections": [
        {
            "zone": "centre_gauche",
            "nombre_objets": 2,
            "details_objets": [
                [
                    151000,
                    0,
                    0.4740738570690155
                ],
                [
                    151002,
                    0,
                    0.32565703988075256
                ]
            ],
            "confidence_moyenne": 0.39986544847488403
        },
        {
            "zone": "centre_droit",
            "nombre_objets": 2,
            "details_objets": [
                [
                    151001,
                    0,
                    0.36254647374153137
                ],
                [
                    151003,
                    0,
                    0.272946298122406
                ]
            ],
            "confidence_moyenne": 0.3177463859319687
        }
    ]
}