{
    "frame_id": 355,
    "timestamp": "2024-12-26 21:21:24",
    "detections": [
        {
            "zone": "centre_droit",
            "nombre_objets": 2,
            "details_objets": [
                [
                    355000,
                    0,
                    0.4502164125442505
                ],
                [
                    355001,
                    0,
                    0.3509274125099182
                ]
            ],
            "confidence_moyenne": 0.40057191252708435
        }
    ]
}