{
    "frame_id": 526,
    "timestamp": "2024-12-26 21:24:30",
    "detections": [
        {
            "zone": "centre_gauche",
            "nombre_objets": 4,
            "details_objets": [
                [
                    526000,
                    0,
                    0.41086500883102417
                ],
                [
                    526001,
                    0,
                    0.3509259819984436
                ],
                [
                    526003,
                    0,
                    0.2693302631378174
                ],
                [
                    526004,
                    0,
                    0.25504255294799805
                ]
            ],
            "confidence_moyenne": 0.3215409517288208
        },
        {
            "zone": "centre_droit",
            "nombre_objets": 1,
            "details_objets": [
                [
                    526002,
                    0,
                    0.3282432556152344
                ]
            ],
            "confidence_moyenne": 0.3282432556152344
        }
    ]
}