{
    "frame_id": 515,
    "timestamp": "2024-12-26 21:24:18",
    "detections": [
        {
            "zone": "centre_gauche",
            "nombre_objets": 4,
            "details_objets": [
                [
                    515001,
                    0,
                    0.3281998634338379
                ],
                [
                    515002,
                    0,
                    0.3257531523704529
                ],
                [
                    515004,
                    0,
                    0.29763054847717285
                ],
                [
                    515005,
                    0,
                    0.27149859070777893
                ]
            ],
            "confidence_moyenne": 0.30577053874731064
        },
        {
            "zone": "droite",
            "nombre_objets": 2,
            "details_objets": [
                [
                    515000,
                    0,
                    0.34671568870544434
                ],
                [
                    515003,
                    0,
                    0.3232673108577728
                ]
            ],
            "confidence_moyenne": 0.3349914997816086
        }
    ]
}