{
    "frame_id": 364,
    "timestamp": "2024-12-26 21:21:34",
    "detections": [
        {
            "zone": "gauche",
            "nombre_objets": 1,
            "details_objets": [
                [
                    364001,
                    0,
                    0.34701260924339294
                ]
            ],
            "confidence_moyenne": 0.34701260924339294
        },
        {
            "zone": "centre_droit",
            "nombre_objets": 3,
            "details_objets": [
                [
                    364000,
                    0,
                    0.4474567770957947
                ],
                [
                    364002,
                    0,
                    0.3455272316932678
                ],
                [
                    364004,
                    0,
                    0.277250736951828
                ]
            ],
            "confidence_moyenne": 0.3567449152469635
        },
        {
            "zone": "centre_gauche",
            "nombre_objets": 1,
            "details_objets": [
                [
                    364003,
                    0,
                    0.29967695474624634
                ]
            ],
            "confidence_moyenne": 0.29967695474624634
        }
    ]
}