{
    "frame_id": 91,
    "timestamp": "2024-12-26 21:15:59",
    "detections": [
        {
            "zone": "centre_gauche",
            "nombre_objets": 2,
            "details_objets": [
                [
                    91000,
                    0,
                    0.32521820068359375
                ],
                [
                    91001,
                    0,
                    0.27922603487968445
                ]
            ],
            "confidence_moyenne": 0.3022221177816391
        }
    ]
}