{
    "frame_id": 589,
    "timestamp": "2024-12-26 21:25:39",
    "detections": [
        {
            "zone": "centre_gauche",
            "nombre_objets": 4,
            "details_objets": [
                [
                    589001,
                    0,
                    0.3507990837097168
                ],
                [
                    589002,
                    0,
                    0.3268841505050659
                ],
                [
                    589004,
                    0,
                    0.31909555196762085
                ],
                [
                    589005,
                    0,
                    0.2786889374256134
                ]
            ],
            "confidence_moyenne": 0.31886693090200424
        },
        {
            "zone": "centre_droit",
            "nombre_objets": 1,
            "details_objets": [
                [
                    589000,
                    0,
                    0.38466450572013855
                ]
            ],
            "confidence_moyenne": 0.38466450572013855
        },
        {
            "zone": "droite",
            "nombre_objets": 1,
            "details_objets": [
                [
                    589003,
                    0,
                    0.32016342878341675
                ]
            ],
            "confidence_moyenne": 0.32016342878341675
        }
    ]
}