{
    "frame_id": 472,
    "timestamp": "2024-12-26 21:23:30",
    "detections": [
        {
            "zone": "centre_gauche",
            "nombre_objets": 1,
            "details_objets": [
                [
                    472000,
                    0,
                    0.4429563283920288
                ]
            ],
            "confidence_moyenne": 0.4429563283920288
        },
        {
            "zone": "gauche",
            "nombre_objets": 1,
            "details_objets": [
                [
                    472001,
                    0,
                    0.39156389236450195
                ]
            ],
            "confidence_moyenne": 0.39156389236450195
        }
    ]
}