{
    "frame_id": 248,
    "timestamp": "2024-12-26 21:19:23",
    "detections": [
        {
            "zone": "centre_gauche",
            "nombre_objets": 2,
            "details_objets": [
                [
                    248000,
                    0,
                    0.37656068801879883
                ],
                [
                    248001,
                    0,
                    0.34097403287887573
                ]
            ],
            "confidence_moyenne": 0.3587673604488373
        }
    ]
}