{
    "frame_id": 37,
    "timestamp": "2024-12-26 21:14:18",
    "detections": [
        {
            "zone": "centre_gauche",
            "nombre_objets": 4,
            "details_objets": [
                [
                    37000,
                    0,
                    0.3883726894855499
                ],
                [
                    37001,
                    0,
                    0.37416282296180725
                ],
                [
                    37002,
                    0,
                    0.30676859617233276
                ],
                [
                    37003,
                    0,
                    0.298023521900177
                ]
            ],
            "confidence_moyenne": 0.34183190762996674
        }
    ]
}