{
    "frame_id": 147,
    "timestamp": "2024-12-26 21:17:19",
    "detections": [
        {
            "zone": "centre_gauche",
            "nombre_objets": 1,
            "details_objets": [
                [
                    147000,
                    0,
                    0.45641979575157166
                ]
            ],
            "confidence_moyenne": 0.45641979575157166
        },
        {
            "zone": "centre_droit",
            "nombre_objets": 1,
            "details_objets": [
                [
                    147001,
                    0,
                    0.2732544541358948
                ]
            ],
            "confidence_moyenne": 0.2732544541358948
        }
    ]
}