{
    "frame_id": 475,
    "timestamp": "2024-12-26 21:23:33",
    "detections": [
        {
            "zone": "gauche",
            "nombre_objets": 1,
            "details_objets": [
                [
                    475001,
                    0,
                    0.3486638367176056
                ]
            ],
            "confidence_moyenne": 0.3486638367176056
        },
        {
            "zone": "centre_gauche",
            "nombre_objets": 2,
            "details_objets": [
                [
                    475000,
                    0,
                    0.41381439566612244
                ],
                [
                    475003,
                    0,
                    0.28861579298973083
                ]
            ],
            "confidence_moyenne": 0.35121509432792664
        },
        {
            "zone": "centre_droit",
            "nombre_objets": 1,
            "details_objets": [
                [
                    475002,
                    0,
                    0.3369268476963043
                ]
            ],
            "confidence_moyenne": 0.3369268476963043
        },
        {
            "zone": "droite",
            "nombre_objets": 1,
            "details_objets": [
                [
                    475004,
                    0,
                    0.2532341480255127
                ]
            ],
            "confidence_moyenne": 0.2532341480255127
        }
    ]
}