{
    "frame_id": 346,
    "timestamp": "2024-12-26 21:21:14",
    "detections": [
        {
            "zone": "centre_droit",
            "nombre_objets": 1,
            "details_objets": [
                [
                    346000,
                    0,
                    0.4274590313434601
                ]
            ],
            "confidence_moyenne": 0.4274590313434601
        },
        {
            "zone": "gauche",
            "nombre_objets": 1,
            "details_objets": [
                [
                    346001,
                    0,
                    0.3599875271320343
                ]
            ],
            "confidence_moyenne": 0.3599875271320343
        }
    ]
}