{
    "frame_id": 152,
    "timestamp": "2024-12-26 21:17:25",
    "detections": [
        {
            "zone": "centre_gauche",
            "nombre_objets": 2,
            "details_objets": [
                [
                    152000,
                    0,
                    0.46952179074287415
                ],
                [
                    152001,
                    0,
                    0.3604222238063812
                ]
            ],
            "confidence_moyenne": 0.4149720072746277
        },
        {
            "zone": "centre_droit",
            "nombre_objets": 1,
            "details_objets": [
                [
                    152002,
                    0,
                    0.28315791487693787
                ]
            ],
            "confidence_moyenne": 0.28315791487693787
        }
    ]
}