{
    "frame_id": 187,
    "timestamp": "2024-12-26 21:18:12",
    "detections": [
        {
            "zone": "centre_gauche",
            "nombre_objets": 2,
            "details_objets": [
                [
                    187000,
                    0,
                    0.4528280198574066
                ],
                [
                    187001,
                    0,
                    0.38867563009262085
                ]
            ],
            "confidence_moyenne": 0.42075182497501373
        },
        {
            "zone": "centre_droit",
            "nombre_objets": 1,
            "details_objets": [
                [
                    187002,
                    0,
                    0.30470991134643555
                ]
            ],
            "confidence_moyenne": 0.30470991134643555
        }
    ]
}