{
    "frame_id": 554,
    "timestamp": "2024-12-26 21:25:02",
    "detections": [
        {
            "zone": "centre_gauche",
            "nombre_objets": 4,
            "details_objets": [
                [
                    554000,
                    0,
                    0.3660524785518646
                ],
                [
                    554001,
                    0,
                    0.36491385102272034
                ],
                [
                    554002,
                    0,
                    0.35012274980545044
                ],
                [
                    554003,
                    0,
                    0.3101045787334442
                ]
            ],
            "confidence_moyenne": 0.3477984145283699
        }
    ]
}