{
    "frame_id": 149,
    "timestamp": "2024-12-26 21:17:22",
    "detections": [
        {
            "zone": "centre_gauche",
            "nombre_objets": 2,
            "details_objets": [
                [
                    149000,
                    0,
                    0.4784563183784485
                ],
                [
                    149001,
                    0,
                    0.39349034428596497
                ]
            ],
            "confidence_moyenne": 0.4359733313322067
        },
        {
            "zone": "centre_droit",
            "nombre_objets": 2,
            "details_objets": [
                [
                    149002,
                    0,
                    0.32496514916419983
                ],
                [
                    149003,
                    0,
                    0.29466512799263
                ]
            ],
            "confidence_moyenne": 0.3098151385784149
        }
    ]
}