{
    "frame_id": 7,
    "timestamp": "2024-12-26 21:13:19",
    "detections": [
        {
            "zone": "centre_gauche",
            "nombre_objets": 2,
            "details_objets": [
                [
                    7000,
                    0,
                    0.34460392594337463
                ],
                [
                    7002,
                    0,
                    0.25697559118270874
                ]
            ],
            "confidence_moyenne": 0.3007897585630417
        },
        {
            "zone": "droite",
            "nombre_objets": 1,
            "details_objets": [
                [
                    7001,
                    0,
                    0.2676945924758911
                ]
            ],
            "confidence_moyenne": 0.2676945924758911
        }
    ]
}