{
    "frame_id": 428,
    "timestamp": "2024-12-26 21:22:46",
    "detections": [
        {
            "zone": "centre_gauche",
            "nombre_objets": 1,
            "details_objets": [
                [
                    428000,
                    0,
                    0.3441614508628845
                ]
            ],
            "confidence_moyenne": 0.3441614508628845
        },
        {
            "zone": "centre_droit",
            "nombre_objets": 1,
            "details_objets": [
                [
                    428001,
                    0,
                    0.3384958803653717
                ]
            ],
            "confidence_moyenne": 0.3384958803653717
        },
        {
            "zone": "droite",
            "nombre_objets": 2,
            "details_objets": [
                [
                    428002,
                    0,
                    0.33197930455207825
                ],
                [
                    428003,
                    0,
                    0.253728449344635
                ]
            ],
            "confidence_moyenne": 0.29285387694835663
        }
    ]
}