{
    "frame_id": 274,
    "timestamp": "2024-12-26 21:19:53",
    "detections": [
        {
            "zone": "gauche",
            "nombre_objets": 1,
            "details_objets": [
                [
                    274000,
                    0,
                    0.26467233896255493
                ]
            ],
            "confidence_moyenne": 0.26467233896255493
        },
        {
            "zone": "centre_droit",
            "nombre_objets": 1,
            "details_objets": [
                [
                    274001,
                    0,
                    0.25327420234680176
                ]
            ],
            "confidence_moyenne": 0.25327420234680176
        }
    ]
}