{
    "frame_id": 33,
    "timestamp": "2024-12-26 21:14:10",
    "detections": [
        {
            "zone": "centre_gauche",
            "nombre_objets": 2,
            "details_objets": [
                [
                    33000,
                    0,
                    0.36649230122566223
                ],
                [
                    33001,
                    0,
                    0.2806690037250519
                ]
            ],
            "confidence_moyenne": 0.32358065247535706
        }
    ]
}