{
    "frame_id": 442,
    "timestamp": "2024-12-26 21:23:02",
    "detections": [
        {
            "zone": "centre_gauche",
            "nombre_objets": 1,
            "details_objets": [
                [
                    442000,
                    0,
                    0.415492981672287
                ]
            ],
            "confidence_moyenne": 0.415492981672287
        },
        {
            "zone": "droite",
            "nombre_objets": 1,
            "details_objets": [
                [
                    442001,
                    0,
                    0.28874289989471436
                ]
            ],
            "confidence_moyenne": 0.28874289989471436
        }
    ]
}