{
    "frame_id": 121,
    "timestamp": "2024-12-26 21:16:41",
    "detections": [
        {
            "zone": "centre_gauche",
            "nombre_objets": 3,
            "details_objets": [
                [
                    121000,
                    0,
                    0.43294453620910645
                ],
                [
                    121001,
                    0,
                    0.36108651757240295
                ],
                [
                    121002,
                    0,
                    0.2691304087638855
                ]
            ],
            "confidence_moyenne": 0.3543871541817983
        }
    ]
}