{
    "frame_id": 103,
    "timestamp": "2024-12-26 21:16:16",
    "detections": [
        {
            "zone": "centre_gauche",
            "nombre_objets": 4,
            "details_objets": [
                [
                    103000,
                    0,
                    0.3959631621837616
                ],
                [
                    103001,
                    0,
                    0.33870187401771545
                ],
                [
                    103002,
                    0,
                    0.3348657488822937
                ],
                [
                    103003,
                    0,
                    0.2797062397003174
                ]
            ],
            "confidence_moyenne": 0.33730925619602203
        }
    ]
}