{
    "frame_id": 145,
    "timestamp": "2024-12-26 21:17:16",
    "detections": [
        {
            "zone": "centre_gauche",
            "nombre_objets": 2,
            "details_objets": [
                [
                    145000,
                    0,
                    0.4420299828052521
                ],
                [
                    145001,
                    0,
                    0.31926867365837097
                ]
            ],
            "confidence_moyenne": 0.3806493282318115
        }
    ]
}