{
    "frame_id": 540,
    "timestamp": "2024-12-26 21:24:46",
    "detections": [
        {
            "zone": "centre_gauche",
            "nombre_objets": 3,
            "details_objets": [
                [
                    540000,
                    0,
                    0.36170345544815063
                ],
                [
                    540001,
                    0,
                    0.3602569103240967
                ],
                [
                    540004,
                    0,
                    0.31660014390945435
                ]
            ],
            "confidence_moyenne": 0.3461868365605672
        },
        {
            "zone": "centre_droit",
            "nombre_objets": 2,
            "details_objets": [
                [
                    540002,
                    0,
                    0.32814255356788635
                ],
                [
                    540005,
                    0,
                    0.28791123628616333
                ]
            ],
            "confidence_moyenne": 0.30802689492702484
        },
        {
            "zone": "droite",
            "nombre_objets": 1,
            "details_objets": [
                [
                    540003,
                    0,
                    0.32041212916374207
                ]
            ],
            "confidence_moyenne": 0.32041212916374207
        }
    ]
}