{
    "frame_id": 425,
    "timestamp": "2024-12-26 21:22:42",
    "detections": [
        {
            "zone": "centre_droit",
            "nombre_objets": 1,
            "details_objets": [
                [
                    425000,
                    0,
                    0.41411399841308594
                ]
            ],
            "confidence_moyenne": 0.41411399841308594
        },
        {
            "zone": "centre_gauche",
            "nombre_objets": 1,
            "details_objets": [
                [
                    425001,
                    0,
                    0.3559989929199219
                ]
            ],
            "confidence_moyenne": 0.3559989929199219
        }
    ]
}