{
    "frame_id": 340,
    "timestamp": "2024-12-26 21:21:07",
    "detections": [
        {
            "zone": "centre_droit",
            "nombre_objets": 1,
            "details_objets": [
                [
                    340000,
                    0,
                    0.40496566891670227
                ]
            ],
            "confidence_moyenne": 0.40496566891670227
        },
        {
            "zone": "gauche",
            "nombre_objets": 1,
            "details_objets": [
                [
                    340001,
                    0,
                    0.4007749557495117
                ]
            ],
            "confidence_moyenne": 0.4007749557495117
        },
        {
            "zone": "centre_gauche",
            "nombre_objets": 1,
            "details_objets": [
                [
                    340002,
                    0,
                    0.2949794828891754
                ]
            ],
            "confidence_moyenne": 0.2949794828891754
        }
    ]
}