{
    "frame_id": 150,
    "timestamp": "2024-12-26 21:17:23",
    "detections": [
        {
            "zone": "centre_gauche",
            "nombre_objets": 2,
            "details_objets": [
                [
                    150000,
                    0,
                    0.4699658155441284
                ],
                [
                    150001,
                    0,
                    0.3343351185321808
                ]
            ],
            "confidence_moyenne": 0.4021504670381546
        },
        {
            "zone": "centre_droit",
            "nombre_objets": 2,
            "details_objets": [
                [
                    150002,
                    0,
                    0.32942360639572144
                ],
                [
                    150003,
                    0,
                    0.266385942697525
                ]
            ],
            "confidence_moyenne": 0.29790477454662323
        }
    ]
}