{
    "frame_id": 208,
    "timestamp": "2024-12-26 21:18:39",
    "detections": [
        {
            "zone": "centre_gauche",
            "nombre_objets": 3,
            "details_objets": [
                [
                    208000,
                    0,
                    0.42450132966041565
                ],
                [
                    208001,
                    0,
                    0.40407392382621765
                ],
                [
                    208002,
                    0,
                    0.35928577184677124
                ]
            ],
            "confidence_moyenne": 0.39595367511113483
        }
    ]
}