{
    "frame_id": 14,
    "timestamp": "2024-12-26 21:13:32",
    "detections": [
        {
            "zone": "centre_gauche",
            "nombre_objets": 2,
            "details_objets": [
                [
                    14000,
                    0,
                    0.3568969964981079
                ],
                [
                    14001,
                    0,
                    0.29073700308799744
                ]
            ],
            "confidence_moyenne": 0.3238169997930527
        }
    ]
}