{
    "frame_id": 324,
    "timestamp": "2024-12-26 21:20:49",
    "detections": [
        {
            "zone": "centre_droit",
            "nombre_objets": 2,
            "details_objets": [
                [
                    324000,
                    0,
                    0.45756077766418457
                ],
                [
                    324002,
                    0,
                    0.2556356191635132
                ]
            ],
            "confidence_moyenne": 0.3565981984138489
        },
        {
            "zone": "gauche",
            "nombre_objets": 1,
            "details_objets": [
                [
                    324001,
                    0,
                    0.35614147782325745
                ]
            ],
            "confidence_moyenne": 0.35614147782325745
        }
    ]
}