{
    "frame_id": 214,
    "timestamp": "2024-12-26 21:18:47",
    "detections": [
        {
            "zone": "centre_gauche",
            "nombre_objets": 2,
            "details_objets": [
                [
                    214000,
                    0,
                    0.37973448634147644
                ],
                [
                    214001,
                    0,
                    0.3332294225692749
                ]
            ],
            "confidence_moyenne": 0.35648195445537567
        }
    ]
}