{
    "frame_id": 520,
    "timestamp": "2024-12-26 21:24:23",
    "detections": [
        {
            "zone": "centre_gauche",
            "nombre_objets": 4,
            "details_objets": [
                [
                    520000,
                    0,
                    0.3779212534427643
                ],
                [
                    520001,
                    0,
                    0.34138724207878113
                ],
                [
                    520002,
                    0,
                    0.3333500921726227
                ],
                [
                    520003,
                    0,
                    0.2736818790435791
                ]
            ],
            "confidence_moyenne": 0.3315851166844368
        }
    ]
}