{
    "frame_id": 332,
    "timestamp": "2024-12-26 21:20:58",
    "detections": [
        {
            "zone": "centre_droit",
            "nombre_objets": 1,
            "details_objets": [
                [
                    332000,
                    0,
                    0.4377169907093048
                ]
            ],
            "confidence_moyenne": 0.4377169907093048
        },
        {
            "zone": "gauche",
            "nombre_objets": 1,
            "details_objets": [
                [
                    332001,
                    0,
                    0.2710786461830139
                ]
            ],
            "confidence_moyenne": 0.2710786461830139
        }
    ]
}