{
    "frame_id": 39,
    "timestamp": "2024-12-26 21:14:22",
    "detections": [
        {
            "zone": "centre_gauche",
            "nombre_objets": 4,
            "details_objets": [
                [
                    39000,
                    0,
                    0.3799069821834564
                ],
                [
                    39001,
                    0,
                    0.3514608144760132
                ],
                [
                    39002,
                    0,
                    0.2848161458969116
                ],
                [
                    39003,
                    0,
                    0.280038446187973
                ]
            ],
            "confidence_moyenne": 0.32405559718608856
        }
    ]
}