{
    "frame_id": 559,
    "timestamp": "2024-12-26 21:25:07",
    "detections": [
        {
            "zone": "centre_gauche",
            "nombre_objets": 2,
            "details_objets": [
                [
                    559000,
                    0,
                    0.3708168566226959
                ],
                [
                    559002,
                    0,
                    0.3136090636253357
                ]
            ],
            "confidence_moyenne": 0.3422129601240158
        },
        {
            "zone": "centre_droit",
            "nombre_objets": 1,
            "details_objets": [
                [
                    559001,
                    0,
                    0.34358474612236023
                ]
            ],
            "confidence_moyenne": 0.34358474612236023
        }
    ]
}