{
    "frame_id": 557,
    "timestamp": "2024-12-26 21:25:05",
    "detections": [
        {
            "zone": "centre_gauche",
            "nombre_objets": 3,
            "details_objets": [
                [
                    557000,
                    0,
                    0.37785065174102783
                ],
                [
                    557001,
                    0,
                    0.3730044364929199
                ],
                [
                    557003,
                    0,
                    0.31464675068855286
                ]
            ],
            "confidence_moyenne": 0.35516727964083356
        },
        {
            "zone": "centre_droit",
            "nombre_objets": 1,
            "details_objets": [
                [
                    557004,
                    0,
                    0.2922865152359009
                ]
            ],
            "confidence_moyenne": 0.2922865152359009
        },
        {
            "zone": "droite",
            "nombre_objets": 1,
            "details_objets": [
                [
                    557002,
                    0,
                    0.35747042298316956
                ]
            ],
            "confidence_moyenne": 0.35747042298316956
        }
    ]
}