{
    "frame_id": 536,
    "timestamp": "2024-12-26 21:24:40",
    "detections": [
        {
            "zone": "centre_droit",
            "nombre_objets": 1,
            "details_objets": [
                [
                    536001,
                    0,
                    0.3461105525493622
                ]
            ],
            "confidence_moyenne": 0.3461105525493622
        },
        {
            "zone": "droite",
            "nombre_objets": 1,
            "details_objets": [
                [
                    536000,
                    0,
                    0.3815498948097229
                ]
            ],
            "confidence_moyenne": 0.3815498948097229
        },
        {
            "zone": "centre_gauche",
            "nombre_objets": 3,
            "details_objets": [
                [
                    536002,
                    0,
                    0.3176824748516083
                ],
                [
                    536003,
                    0,
                    0.2880139648914337
                ],
                [
                    536004,
                    0,
                    0.25993621349334717
                ]
            ],
            "confidence_moyenne": 0.28854421774546307
        }
    ]
}