{
    "frame_id": 374,
    "timestamp": "2024-12-26 21:21:46",
    "detections": [
        {
            "zone": "centre_droit",
            "nombre_objets": 2,
            "details_objets": [
                [
                    374000,
                    0,
                    0.43115031719207764
                ],
                [
                    374001,
                    0,
                    0.2907271087169647
                ]
            ],
            "confidence_moyenne": 0.3609387129545212
        }
    ]
}