{
    "frame_id": 41,
    "timestamp": "2024-12-26 21:14:26",
    "detections": [
        {
            "zone": "centre_gauche",
            "nombre_objets": 4,
            "details_objets": [
                [
                    41000,
                    0,
                    0.37346020340919495
                ],
                [
                    41001,
                    0,
                    0.3536071181297302
                ],
                [
                    41002,
                    0,
                    0.3117273449897766
                ],
                [
                    41003,
                    0,
                    0.30994927883148193
                ]
            ],
            "confidence_moyenne": 0.33718598634004593
        }
    ]
}