{
    "frame_id": 47,
    "timestamp": "2024-12-26 21:14:39",
    "detections": [
        {
            "zone": "centre_gauche",
            "nombre_objets": 3,
            "details_objets": [
                [
                    47000,
                    0,
                    0.3976566791534424
                ],
                [
                    47001,
                    0,
                    0.34874916076660156
                ],
                [
                    47002,
                    0,
                    0.2895475924015045
                ]
            ],
            "confidence_moyenne": 0.3453178107738495
        }
    ]
}