{
    "frame_id": 95,
    "timestamp": "2024-12-26 21:16:06",
    "detections": [
        {
            "zone": "centre_gauche",
            "nombre_objets": 2,
            "details_objets": [
                [
                    95000,
                    0,
                    0.3620249629020691
                ],
                [
                    95001,
                    0,
                    0.25192558765411377
                ]
            ],
            "confidence_moyenne": 0.30697527527809143
        }
    ]
}