{
    "frame_id": 77,
    "timestamp": "2024-12-26 21:15:39",
    "detections": [
        {
            "zone": "centre_gauche",
            "nombre_objets": 2,
            "details_objets": [
                [
                    77000,
                    0,
                    0.3453714847564697
                ],
                [
                    77001,
                    0,
                    0.2946018576622009
                ]
            ],
            "confidence_moyenne": 0.3199866712093353
        }
    ]
}