{
    "frame_id": 522,
    "timestamp": "2024-12-26 21:24:25",
    "detections": [
        {
            "zone": "centre_gauche",
            "nombre_objets": 3,
            "details_objets": [
                [
                    522001,
                    0,
                    0.33558157086372375
                ],
                [
                    522002,
                    0,
                    0.3213227689266205
                ],
                [
                    522003,
                    0,
                    0.2563699781894684
                ]
            ],
            "confidence_moyenne": 0.30442477265993756
        },
        {
            "zone": "centre_droit",
            "nombre_objets": 1,
            "details_objets": [
                [
                    522000,
                    0,
                    0.3495441973209381
                ]
            ],
            "confidence_moyenne": 0.3495441973209381
        }
    ]
}