{
    "frame_id": 249,
    "timestamp": "2024-12-26 21:19:24",
    "detections": [
        {
            "zone": "centre_droit",
            "nombre_objets": 1,
            "details_objets": [
                [
                    249000,
                    0,
                    0.3568686842918396
                ]
            ],
            "confidence_moyenne": 0.3568686842918396
        },
        {
            "zone": "centre_gauche",
            "nombre_objets": 2,
            "details_objets": [
                [
                    249001,
                    0,
                    0.3257834315299988
                ],
                [
                    249002,
                    0,
                    0.27681344747543335
                ]
            ],
            "confidence_moyenne": 0.30129843950271606
        }
    ]
}