{
    "frame_id": 172,
    "timestamp": "2024-12-26 21:17:52",
    "detections": [
        {
            "zone": "centre_gauche",
            "nombre_objets": 1,
            "details_objets": [
                [
                    172000,
                    0,
                    0.4791766405105591
                ]
            ],
            "confidence_moyenne": 0.4791766405105591
        },
        {
            "zone": "centre_droit",
            "nombre_objets": 1,
            "details_objets": [
                [
                    172001,
                    0,
                    0.39614489674568176
                ]
            ],
            "confidence_moyenne": 0.39614489674568176
        }
    ]
}