{
    "frame_id": 491,
    "timestamp": "2024-12-26 21:23:51",
    "detections": [
        {
            "zone": "centre_gauche",
            "nombre_objets": 2,
            "details_objets": [
                [
                    491000,
                    0,
                    0.3485475778579712
                ],
                [
                    491001,
                    0,
                    0.267917662858963
                ]
            ],
            "confidence_moyenne": 0.3082326203584671
        },
        {
            "zone": "droite",
            "nombre_objets": 1,
            "details_objets": [
                [
                    491002,
                    0,
                    0.2551553249359131
                ]
            ],
            "confidence_moyenne": 0.2551553249359131
        }
    ]
}