{
    "frame_id": 207,
    "timestamp": "2024-12-26 21:18:38",
    "detections": [
        {
            "zone": "centre_gauche",
            "nombre_objets": 4,
            "details_objets": [
                [
                    207000,
                    0,
                    0.384246289730072
                ],
                [
                    207001,
                    0,
                    0.3772314786911011
                ],
                [
                    207002,
                    0,
                    0.3457482159137726
                ],
                [
                    207003,
                    0,
                    0.29249364137649536
                ]
            ],
            "confidence_moyenne": 0.34992990642786026
        }
    ]
}