{
    "frame_id": 532,
    "timestamp": "2024-12-26 21:24:36",
    "detections": [
        {
            "zone": "centre_gauche",
            "nombre_objets": 3,
            "details_objets": [
                [
                    532000,
                    0,
                    0.37149468064308167
                ],
                [
                    532001,
                    0,
                    0.3439640402793884
                ],
                [
                    532003,
                    0,
                    0.30741336941719055
                ]
            ],
            "confidence_moyenne": 0.34095736344655353
        },
        {
            "zone": "centre_droit",
            "nombre_objets": 1,
            "details_objets": [
                [
                    532004,
                    0,
                    0.2766377329826355
                ]
            ],
            "confidence_moyenne": 0.2766377329826355
        },
        {
            "zone": "droite",
            "nombre_objets": 1,
            "details_objets": [
                [
                    532002,
                    0,
                    0.3200609087944031
                ]
            ],
            "confidence_moyenne": 0.3200609087944031
        }
    ]
}