{
    "frame_id": 203,
    "timestamp": "2024-12-26 21:18:34",
    "detections": [
        {
            "zone": "centre_gauche",
            "nombre_objets": 2,
            "details_objets": [
                [
                    203000,
                    0,
                    0.45724672079086304
                ],
                [
                    203001,
                    0,
                    0.31390896439552307
                ]
            ],
            "confidence_moyenne": 0.38557784259319305
        }
    ]
}