{
    "frame_id": 73,
    "timestamp": "2024-12-26 21:15:32",
    "detections": [
        {
            "zone": "centre_gauche",
            "nombre_objets": 2,
            "details_objets": [
                [
                    73000,
                    0,
                    0.3302346467971802
                ],
                [
                    73001,
                    0,
                    0.2983543276786804
                ]
            ],
            "confidence_moyenne": 0.3142944872379303
        }
    ]
}