{
    "frame_id": 213,
    "timestamp": "2024-12-26 21:18:46",
    "detections": [
        {
            "zone": "centre_gauche",
            "nombre_objets": 3,
            "details_objets": [
                [
                    213000,
                    0,
                    0.4043634831905365
                ],
                [
                    213001,
                    0,
                    0.3154284954071045
                ],
                [
                    213002,
                    0,
                    0.30685141682624817
                ]
            ],
            "confidence_moyenne": 0.3422144651412964
        }
    ]
}