{
    "frame_id": 268,
    "timestamp": "2024-12-26 21:19:47",
    "detections": [
        {
            "zone": "centre_droit",
            "nombre_objets": 2,
            "details_objets": [
                [
                    268000,
                    0,
                    0.39267656207084656
                ],
                [
                    268001,
                    0,
                    0.3545365333557129
                ]
            ],
            "confidence_moyenne": 0.3736065477132797
        },
        {
            "zone": "gauche",
            "nombre_objets": 1,
            "details_objets": [
                [
                    268002,
                    0,
                    0.3377230167388916
                ]
            ],
            "confidence_moyenne": 0.3377230167388916
        }
    ]
}