{
    "frame_id": 477,
    "timestamp": "2024-12-26 21:23:35",
    "detections": [
        {
            "zone": "gauche",
            "nombre_objets": 1,
            "details_objets": [
                [
                    477001,
                    0,
                    0.3246085047721863
                ]
            ],
            "confidence_moyenne": 0.3246085047721863
        },
        {
            "zone": "centre_gauche",
            "nombre_objets": 3,
            "details_objets": [
                [
                    477000,
                    0,
                    0.39192935824394226
                ],
                [
                    477004,
                    0,
                    0.271172434091568
                ],
                [
                    477005,
                    0,
                    0.2515581548213959
                ]
            ],
            "confidence_moyenne": 0.30488664905230206
        },
        {
            "zone": "droite",
            "nombre_objets": 1,
            "details_objets": [
                [
                    477002,
                    0,
                    0.31529781222343445
                ]
            ],
            "confidence_moyenne": 0.31529781222343445
        },
        {
            "zone": "centre_droit",
            "nombre_objets": 1,
            "details_objets": [
                [
                    477003,
                    0,
                    0.3072117567062378
                ]
            ],
            "confidence_moyenne": 0.3072117567062378
        }
    ]
}