{
    "frame_id": 30,
    "timestamp": "2024-12-26 21:14:03",
    "detections": [
        {
            "zone": "centre_gauche",
            "nombre_objets": 2,
            "details_objets": [
                [
                    30000,
                    0,
                    0.36517006158828735
                ],
                [
                    30001,
                    0,
                    0.3257577121257782
                ]
            ],
            "confidence_moyenne": 0.3454638868570328
        }
    ]
}