{
    "frame_id": 508,
    "timestamp": "2024-12-26 21:24:09",
    "detections": [
        {
            "zone": "centre_gauche",
            "nombre_objets": 3,
            "details_objets": [
                [
                    508000,
                    0,
                    0.30775994062423706
                ],
                [
                    508003,
                    0,
                    0.29993435740470886
                ],
                [
                    508005,
                    0,
                    0.27086547017097473
                ]
            ],
            "confidence_moyenne": 0.2928532560666402
        },
        {
            "zone": "droite",
            "nombre_objets": 2,
            "details_objets": [
                [
                    508001,
                    0,
                    0.3039931058883667
                ],
                [
                    508002,
                    0,
                    0.3022835850715637
                ]
            ],
            "confidence_moyenne": 0.3031383454799652
        },
        {
            "zone": "centre_droit",
            "nombre_objets": 1,
            "details_objets": [
                [
                    508004,
                    0,
                    0.2936769723892212
                ]
            ],
            "confidence_moyenne": 0.2936769723892212
        }
    ]
}