{
    "frame_id": 398,
    "timestamp": "2024-12-26 21:22:13",
    "detections": [
        {
            "zone": "centre_gauche",
            "nombre_objets": 2,
            "details_objets": [
                [
                    398001,
                    0,
                    0.3519909083843231
                ],
                [
                    398002,
                    0,
                    0.3410130739212036
                ]
            ],
            "confidence_moyenne": 0.34650199115276337
        },
        {
            "zone": "centre_droit",
            "nombre_objets": 1,
            "details_objets": [
                [
                    398000,
                    0,
                    0.3983522951602936
                ]
            ],
            "confidence_moyenne": 0.3983522951602936
        },
        {
            "zone": "gauche",
            "nombre_objets": 1,
            "details_objets": [
                [
                    398003,
                    0,
                    0.3350255787372589
                ]
            ],
            "confidence_moyenne": 0.3350255787372589
        }
    ]
}