{
    "frame_id": 90,
    "timestamp": "2024-12-26 21:15:58",
    "detections": [
        {
            "zone": "centre_gauche",
            "nombre_objets": 2,
            "details_objets": [
                [
                    90000,
                    0,
                    0.30781587958335876
                ],
                [
                    90001,
                    0,
                    0.2737826704978943
                ]
            ],
            "confidence_moyenne": 0.2907992750406265
        }
    ]
}