{
    "frame_id": 271,
    "timestamp": "2024-12-26 21:19:50",
    "detections": [
        {
            "zone": "centre_droit",
            "nombre_objets": 2,
            "details_objets": [
                [
                    271000,
                    0,
                    0.36852315068244934
                ],
                [
                    271001,
                    0,
                    0.3639107346534729
                ]
            ],
            "confidence_moyenne": 0.3662169426679611
        }
    ]
}