{
    "frame_id": 434,
    "timestamp": "2024-12-26 21:22:52",
    "detections": [
        {
            "zone": "centre_gauche",
            "nombre_objets": 2,
            "details_objets": [
                [
                    434000,
                    0,
                    0.3937323987483978
                ],
                [
                    434001,
                    0,
                    0.29682832956314087
                ]
            ],
            "confidence_moyenne": 0.34528036415576935
        }
    ]
}