{
    "frame_id": 8,
    "timestamp": "2024-12-26 21:13:21",
    "detections": [
        {
            "zone": "centre_gauche",
            "nombre_objets": 2,
            "details_objets": [
                [
                    8000,
                    0,
                    0.3288312256336212
                ],
                [
                    8001,
                    0,
                    0.2972797453403473
                ]
            ],
            "confidence_moyenne": 0.31305548548698425
        }
    ]
}