{
    "frame_id": 163,
    "timestamp": "2024-12-26 21:17:40",
    "detections": [
        {
            "zone": "centre_gauche",
            "nombre_objets": 3,
            "details_objets": [
                [
                    163000,
                    0,
                    0.4346003830432892
                ],
                [
                    163001,
                    0,
                    0.3019064962863922
                ],
                [
                    163002,
                    0,
                    0.283311665058136
                ]
            ],
            "confidence_moyenne": 0.33993951479593915
        }
    ]
}