{
    "frame_id": 160,
    "timestamp": "2024-12-26 21:17:36",
    "detections": [
        {
            "zone": "centre_gauche",
            "nombre_objets": 2,
            "details_objets": [
                [
                    160000,
                    0,
                    0.4287446141242981
                ],
                [
                    160001,
                    0,
                    0.3727438449859619
                ]
            ],
            "confidence_moyenne": 0.40074422955513
        }
    ]
}