{
    "frame_id": 512,
    "timestamp": "2024-12-26 21:24:15",
    "detections": [
        {
            "zone": "centre_droit",
            "nombre_objets": 1,
            "details_objets": [
                [
                    512001,
                    0,
                    0.35431981086730957
                ]
            ],
            "confidence_moyenne": 0.35431981086730957
        },
        {
            "zone": "droite",
            "nombre_objets": 1,
            "details_objets": [
                [
                    512000,
                    0,
                    0.3708939254283905
                ]
            ],
            "confidence_moyenne": 0.3708939254283905
        },
        {
            "zone": "centre_gauche",
            "nombre_objets": 3,
            "details_objets": [
                [
                    512002,
                    0,
                    0.3108713626861572
                ],
                [
                    512003,
                    0,
                    0.28703954815864563
                ],
                [
                    512004,
                    0,
                    0.2758995592594147
                ]
            ],
            "confidence_moyenne": 0.2912701567014058
        }
    ]
}