{
    "frame_id": 316,
    "timestamp": "2024-12-26 21:20:39",
    "detections": [
        {
            "zone": "centre_gauche",
            "nombre_objets": 1,
            "details_objets": [
                [
                    316001,
                    0,
                    0.3080596923828125
                ]
            ],
            "confidence_moyenne": 0.3080596923828125
        },
        {
            "zone": "centre_droit",
            "nombre_objets": 1,
            "details_objets": [
                [
                    316000,
                    0,
                    0.40190237760543823
                ]
            ],
            "confidence_moyenne": 0.40190237760543823
        },
        {
            "zone": "gauche",
            "nombre_objets": 2,
            "details_objets": [
                [
                    316002,
                    0,
                    0.283928245306015
                ],
                [
                    316003,
                    0,
                    0.25097760558128357
                ]
            ],
            "confidence_moyenne": 0.2674529254436493
        }
    ]
}