{
    "frame_id": 10,
    "timestamp": "2024-12-26 21:13:24",
    "detections": [
        {
            "zone": "centre_gauche",
            "nombre_objets": 3,
            "details_objets": [
                [
                    10000,
                    0,
                    0.3456815779209137
                ],
                [
                    10001,
                    0,
                    0.2985782027244568
                ],
                [
                    10003,
                    0,
                    0.2547265589237213
                ]
            ],
            "confidence_moyenne": 0.29966211318969727
        },
        {
            "zone": "droite",
            "nombre_objets": 1,
            "details_objets": [
                [
                    10002,
                    0,
                    0.29215168952941895
                ]
            ],
            "confidence_moyenne": 0.29215168952941895
        }
    ]
}