{
    "frame_id": 466,
    "timestamp": "2024-12-26 21:23:23",
    "detections": [
        {
            "zone": "centre_gauche",
            "nombre_objets": 2,
            "details_objets": [
                [
                    466000,
                    0,
                    0.3318858742713928
                ],
                [
                    466001,
                    0,
                    0.25197434425354004
                ]
            ],
            "confidence_moyenne": 0.29193010926246643
        }
    ]
}