{
    "frame_id": 216,
    "timestamp": "2024-12-26 21:18:50",
    "detections": [
        {
            "zone": "centre_gauche",
            "nombre_objets": 2,
            "details_objets": [
                [
                    216000,
                    0,
                    0.3794395625591278
                ],
                [
                    216002,
                    0,
                    0.2632680833339691
                ]
            ],
            "confidence_moyenne": 0.32135382294654846
        },
        {
            "zone": "centre_droit",
            "nombre_objets": 1,
            "details_objets": [
                [
                    216001,
                    0,
                    0.322209894657135
                ]
            ],
            "confidence_moyenne": 0.322209894657135
        }
    ]
}