{
    "frame_id": 61,
    "timestamp": "2024-12-26 21:15:08",
    "detections": [
        {
            "zone": "centre_gauche",
            "nombre_objets": 2,
            "details_objets": [
                [
                    61000,
                    0,
                    0.3245154917240143
                ],
                [
                    61002,
                    0,
                    0.2773903012275696
                ]
            ],
            "confidence_moyenne": 0.30095289647579193
        },
        {
            "zone": "centre_droit",
            "nombre_objets": 1,
            "details_objets": [
                [
                    61001,
                    0,
                    0.2795262932777405
                ]
            ],
            "confidence_moyenne": 0.2795262932777405
        }
    ]
}