{
    "frame_id": 24,
    "timestamp": "2024-12-26 21:13:51",
    "detections": [
        {
            "zone": "centre_gauche",
            "nombre_objets": 2,
            "details_objets": [
                [
                    24000,
                    0,
                    0.32867029309272766
                ],
                [
                    24001,
                    0,
                    0.3131985664367676
                ]
            ],
            "confidence_moyenne": 0.3209344297647476
        }
    ]
}