{
    "frame_id": 483,
    "timestamp": "2024-12-26 21:23:42",
    "detections": [
        {
            "zone": "centre_gauche",
            "nombre_objets": 2,
            "details_objets": [
                [
                    483000,
                    0,
                    0.3025844991207123
                ],
                [
                    483002,
                    0,
                    0.25736716389656067
                ]
            ],
            "confidence_moyenne": 0.2799758315086365
        },
        {
            "zone": "gauche",
            "nombre_objets": 1,
            "details_objets": [
                [
                    483001,
                    0,
                    0.27634909749031067
                ]
            ],
            "confidence_moyenne": 0.27634909749031067
        }
    ]
}