{
    "frame_id": 497,
    "timestamp": "2024-12-26 21:23:57",
    "detections": [
        {
            "zone": "droite",
            "nombre_objets": 1,
            "details_objets": [
                [
                    497000,
                    0,
                    0.2955376207828522
                ]
            ],
            "confidence_moyenne": 0.2955376207828522
        },
        {
            "zone": "centre_gauche",
            "nombre_objets": 1,
            "details_objets": [
                [
                    497001,
                    0,
                    0.28487706184387207
                ]
            ],
            "confidence_moyenne": 0.28487706184387207
        },
        {
            "zone": "centre_droit",
            "nombre_objets": 1,
            "details_objets": [
                [
                    497002,
                    0,
                    0.28239068388938904
                ]
            ],
            "confidence_moyenne": 0.28239068388938904
        }
    ]
}