{
    "frame_id": 385,
    "timestamp": "2024-12-26 21:21:58",
    "detections": [
        {
            "zone": "centre_gauche",
            "nombre_objets": 2,
            "details_objets": [
                [
                    385000,
                    0,
                    0.4027390480041504
                ],
                [
                    385002,
                    0,
                    0.3216523826122284
                ]
            ],
            "confidence_moyenne": 0.3621957153081894
        },
        {
            "zone": "centre_droit",
            "nombre_objets": 1,
            "details_objets": [
                [
                    385001,
                    0,
                    0.3798799514770508
                ]
            ],
            "confidence_moyenne": 0.3798799514770508
        }
    ]
}