{
    "frame_id": 6,
    "timestamp": "2024-12-26 21:13:17",
    "detections": [
        {
            "zone": "centre_gauche",
            "nombre_objets": 2,
            "details_objets": [
                [
                    6000,
                    0,
                    0.35589322447776794
                ],
                [
                    6001,
                    0,
                    0.2506950795650482
                ]
            ],
            "confidence_moyenne": 0.3032941520214081
        }
    ]
}