{
    "frame_id": 402,
    "timestamp": "2024-12-26 21:22:17",
    "detections": [
        {
            "zone": "centre_gauche",
            "nombre_objets": 2,
            "details_objets": [
                [
                    402000,
                    0,
                    0.44772395491600037
                ],
                [
                    402003,
                    0,
                    0.26363539695739746
                ]
            ],
            "confidence_moyenne": 0.3556796759366989
        },
        {
            "zone": "centre_droit",
            "nombre_objets": 1,
            "details_objets": [
                [
                    402001,
                    0,
                    0.3789144456386566
                ]
            ],
            "confidence_moyenne": 0.3789144456386566
        },
        {
            "zone": "gauche",
            "nombre_objets": 1,
            "details_objets": [
                [
                    402002,
                    0,
                    0.3597099483013153
                ]
            ],
            "confidence_moyenne": 0.3597099483013153
        }
    ]
}