{
    "frame_id": 272,
    "timestamp": "2024-12-26 21:19:51",
    "detections": [
        {
            "zone": "centre_droit",
            "nombre_objets": 2,
            "details_objets": [
                [
                    272000,
                    0,
                    0.3635607361793518
                ],
                [
                    272001,
                    0,
                    0.2996416389942169
                ]
            ],
            "confidence_moyenne": 0.33160118758678436
        },
        {
            "zone": "gauche",
            "nombre_objets": 1,
            "details_objets": [
                [
                    272002,
                    0,
                    0.2563566565513611
                ]
            ],
            "confidence_moyenne": 0.2563566565513611
        }
    ]
}