{
    "frame_id": 341,
    "timestamp": "2024-12-26 21:21:08",
    "detections": [
        {
            "zone": "centre_droit",
            "nombre_objets": 2,
            "details_objets": [
                [
                    341000,
                    0,
                    0.41951069235801697
                ],
                [
                    341002,
                    0,
                    0.2903897762298584
                ]
            ],
            "confidence_moyenne": 0.3549502342939377
        },
        {
            "zone": "gauche",
            "nombre_objets": 1,
            "details_objets": [
                [
                    341001,
                    0,
                    0.3853200078010559
                ]
            ],
            "confidence_moyenne": 0.3853200078010559
        }
    ]
}