{
    "frame_id": 169,
    "timestamp": "2024-12-26 21:17:49",
    "detections": [
        {
            "zone": "centre_gauche",
            "nombre_objets": 1,
            "details_objets": [
                [
                    169000,
                    0,
                    0.4193573594093323
                ]
            ],
            "confidence_moyenne": 0.4193573594093323
        },
        {
            "zone": "centre_droit",
            "nombre_objets": 1,
            "details_objets": [
                [
                    169001,
                    0,
                    0.2803453207015991
                ]
            ],
            "confidence_moyenne": 0.2803453207015991
        }
    ]
}