{
    "frame_id": 101,
    "timestamp": "2024-12-26 21:16:12",
    "detections": [
        {
            "zone": "centre_gauche",
            "nombre_objets": 2,
            "details_objets": [
                [
                    101000,
                    0,
                    0.3275497853755951
                ],
                [
                    101001,
                    0,
                    0.2569268047809601
                ]
            ],
            "confidence_moyenne": 0.2922382950782776
        }
    ]
}