{
    "frame_id": 348,
    "timestamp": "2024-12-26 21:21:17",
    "detections": [
        {
            "zone": "centre_droit",
            "nombre_objets": 2,
            "details_objets": [
                [
                    348000,
                    0,
                    0.44018813967704773
                ],
                [
                    348001,
                    0,
                    0.25317782163619995
                ]
            ],
            "confidence_moyenne": 0.34668298065662384
        }
    ]
}