{
    "frame_id": 415,
    "timestamp": "2024-12-26 21:22:32",
    "detections": [
        {
            "zone": "centre_gauche",
            "nombre_objets": 2,
            "details_objets": [
                [
                    415000,
                    0,
                    0.33127260208129883
                ],
                [
                    415001,
                    0,
                    0.28653469681739807
                ]
            ],
            "confidence_moyenne": 0.30890364944934845
        }
    ]
}