{
    "frame_id": 476,
    "timestamp": "2024-12-26 21:23:34",
    "detections": [
        {
            "zone": "centre_gauche",
            "nombre_objets": 3,
            "details_objets": [
                [
                    476000,
                    0,
                    0.3895915150642395
                ],
                [
                    476001,
                    0,
                    0.3811659812927246
                ],
                [
                    476004,
                    0,
                    0.26968181133270264
                ]
            ],
            "confidence_moyenne": 0.34681310256322223
        },
        {
            "zone": "centre_droit",
            "nombre_objets": 1,
            "details_objets": [
                [
                    476002,
                    0,
                    0.33246830105781555
                ]
            ],
            "confidence_moyenne": 0.33246830105781555
        },
        {
            "zone": "gauche",
            "nombre_objets": 1,
            "details_objets": [
                [
                    476003,
                    0,
                    0.31538501381874084
                ]
            ],
            "confidence_moyenne": 0.31538501381874084
        },
        {
            "zone": "droite",
            "nombre_objets": 1,
            "details_objets": [
                [
                    476005,
                    0,
                    0.26316162943840027
                ]
            ],
            "confidence_moyenne": 0.26316162943840027
        }
    ]
}