{
    "frame_id": 206,
    "timestamp": "2024-12-26 21:18:37",
    "detections": [
        {
            "zone": "centre_gauche",
            "nombre_objets": 4,
            "details_objets": [
                [
                    206000,
                    0,
                    0.4026492238044739
                ],
                [
                    206001,
                    0,
                    0.36107727885246277
                ],
                [
                    206002,
                    0,
                    0.3431110084056854
                ],
                [
                    206003,
                    0,
                    0.3282218873500824
                ]
            ],
            "confidence_moyenne": 0.3587648496031761
        },
        {
            "zone": "centre_droit",
            "nombre_objets": 1,
            "details_objets": [
                [
                    206004,
                    0,
                    0.29909664392471313
                ]
            ],
            "confidence_moyenne": 0.29909664392471313
        }
    ]
}