{
    "frame_id": 367,
    "timestamp": "2024-12-26 21:21:37",
    "detections": [
        {
            "zone": "centre_gauche",
            "nombre_objets": 1,
            "details_objets": [
                [
                    367001,
                    0,
                    0.38143882155418396
                ]
            ],
            "confidence_moyenne": 0.38143882155418396
        },
        {
            "zone": "centre_droit",
            "nombre_objets": 3,
            "details_objets": [
                [
                    367000,
                    0,
                    0.45583081245422363
                ],
                [
                    367002,
                    0,
                    0.3411603569984436
                ],
                [
                    367003,
                    0,
                    0.26144400238990784
                ]
            ],
            "confidence_moyenne": 0.352811723947525
        },
        {
            "zone": "gauche",
            "nombre_objets": 1,
            "details_objets": [
                [
                    367004,
                    0,
                    0.26135340332984924
                ]
            ],
            "confidence_moyenne": 0.26135340332984924
        }
    ]
}