{
    "frame_id": 205,
    "timestamp": "2024-12-26 21:18:36",
    "detections": [
        {
            "zone": "centre_gauche",
            "nombre_objets": 2,
            "details_objets": [
                [
                    205000,
                    0,
                    0.4700813889503479
                ],
                [
                    205001,
                    0,
                    0.31814074516296387
                ]
            ],
            "confidence_moyenne": 0.3941110670566559
        }
    ]
}