{
    "frame_id": 270,
    "timestamp": "2024-12-26 21:19:49",
    "detections": [
        {
            "zone": "centre_droit",
            "nombre_objets": 2,
            "details_objets": [
                [
                    270000,
                    0,
                    0.3778589069843292
                ],
                [
                    270001,
                    0,
                    0.3649873435497284
                ]
            ],
            "confidence_moyenne": 0.3714231252670288
        }
    ]
}