{
    "frame_id": 123,
    "timestamp": "2024-12-26 21:16:43",
    "detections": [
        {
            "zone": "centre_gauche",
            "nombre_objets": 2,
            "details_objets": [
                [
                    123000,
                    0,
                    0.4488343596458435
                ],
                [
                    123001,
                    0,
                    0.3004654049873352
                ]
            ],
            "confidence_moyenne": 0.37464988231658936
        }
    ]
}