{
    "frame_id": 560,
    "timestamp": "2024-12-26 21:25:08",
    "detections": [
        {
            "zone": "centre_gauche",
            "nombre_objets": 3,
            "details_objets": [
                [
                    560000,
                    0,
                    0.4000558853149414
                ],
                [
                    560001,
                    0,
                    0.33998608589172363
                ],
                [
                    560003,
                    0,
                    0.30629125237464905
                ]
            ],
            "confidence_moyenne": 0.34877774119377136
        },
        {
            "zone": "centre_droit",
            "nombre_objets": 1,
            "details_objets": [
                [
                    560002,
                    0,
                    0.3108713924884796
                ]
            ],
            "confidence_moyenne": 0.3108713924884796
        }
    ]
}