{
    "frame_id": 584,
    "timestamp": "2024-12-26 21:25:35",
    "detections": [
        {
            "zone": "centre_gauche",
            "nombre_objets": 5,
            "details_objets": [
                [
                    584000,
                    0,
                    0.37607190012931824
                ],
                [
                    584001,
                    0,
                    0.3404052257537842
                ],
                [
                    584003,
                    0,
                    0.3153371810913086
                ],
                [
                    584005,
                    0,
                    0.2575603127479553
                ],
                [
                    584006,
                    0,
                    0.25139856338500977
                ]
            ],
            "confidence_moyenne": 0.30815463662147524
        },
        {
            "zone": "droite",
            "nombre_objets": 1,
            "details_objets": [
                [
                    584002,
                    0,
                    0.3192227780818939
                ]
            ],
            "confidence_moyenne": 0.3192227780818939
        },
        {
            "zone": "centre_droit",
            "nombre_objets": 1,
            "details_objets": [
                [
                    584004,
                    0,
                    0.30742374062538147
                ]
            ],
            "confidence_moyenne": 0.30742374062538147
        }
    ]
}