{
    "frame_id": 338,
    "timestamp": "2024-12-26 21:21:05",
    "detections": [
        {
            "zone": "centre_droit",
            "nombre_objets": 1,
            "details_objets": [
                [
                    338000,
                    0,
                    0.3822360336780548
                ]
            ],
            "confidence_moyenne": 0.3822360336780548
        },
        {
            "zone": "gauche",
            "nombre_objets": 1,
            "details_objets": [
                [
                    338002,
                    0,
                    0.2664740979671478
                ]
            ],
            "confidence_moyenne": 0.2664740979671478
        },
        {
            "zone": "centre_gauche",
            "nombre_objets": 1,
            "details_objets": [
                [
                    338001,
                    0,
                    0.30382484197616577
                ]
            ],
            "confidence_moyenne": 0.30382484197616577
        }
    ]
}