{
    "frame_id": 93,
    "timestamp": "2024-12-26 21:16:03",
    "detections": [
        {
            "zone": "centre_gauche",
            "nombre_objets": 3,
            "details_objets": [
                [
                    93000,
                    0,
                    0.33140814304351807
                ],
                [
                    93001,
                    0,
                    0.3023422062397003
                ],
                [
                    93002,
                    0,
                    0.28733789920806885
                ]
            ],
            "confidence_moyenne": 0.3070294161637624
        }
    ]
}