{
    "frame_id": 347,
    "timestamp": "2024-12-26 21:21:15",
    "detections": [
        {
            "zone": "centre_droit",
            "nombre_objets": 1,
            "details_objets": [
                [
                    347000,
                    0,
                    0.43411755561828613
                ]
            ],
            "confidence_moyenne": 0.43411755561828613
        },
        {
            "zone": "gauche",
            "nombre_objets": 1,
            "details_objets": [
                [
                    347001,
                    0,
                    0.3291871249675751
                ]
            ],
            "confidence_moyenne": 0.3291871249675751
        }
    ]
}