{
    "frame_id": 255,
    "timestamp": "2024-12-26 21:19:32",
    "detections": [
        {
            "zone": "centre_droit",
            "nombre_objets": 3,
            "details_objets": [
                [
                    255000,
                    0,
                    0.3437645733356476
                ],
                [
                    255001,
                    0,
                    0.2983686923980713
                ],
                [
                    255002,
                    0,
                    0.2639552652835846
                ]
            ],
            "confidence_moyenne": 0.30202951033910114
        }
    ]
}