{
    "frame_id": 141,
    "timestamp": "2024-12-26 21:17:09",
    "detections": [
        {
            "zone": "centre_gauche",
            "nombre_objets": 2,
            "details_objets": [
                [
                    141000,
                    0,
                    0.47719869017601013
                ],
                [
                    141001,
                    0,
                    0.2929728031158447
                ]
            ],
            "confidence_moyenne": 0.38508574664592743
        }
    ]
}