{
    "frame_id": 56,
    "timestamp": "2024-12-26 21:14:59",
    "detections": [
        {
            "zone": "centre_gauche",
            "nombre_objets": 2,
            "details_objets": [
                [
                    56000,
                    0,
                    0.36948665976524353
                ],
                [
                    56001,
                    0,
                    0.2952771484851837
                ]
            ],
            "confidence_moyenne": 0.3323819041252136
        }
    ]
}