{
    "frame_id": 108,
    "timestamp": "2024-12-26 21:16:23",
    "detections": [
        {
            "zone": "centre_gauche",
            "nombre_objets": 3,
            "details_objets": [
                [
                    108000,
                    0,
                    0.3908100128173828
                ],
                [
                    108001,
                    0,
                    0.31496700644493103
                ],
                [
                    108002,
                    0,
                    0.2884805500507355
                ]
            ],
            "confidence_moyenne": 0.3314191897710164
        }
    ]
}