{
    "frame_id": 378,
    "timestamp": "2024-12-26 21:21:50",
    "detections": [
        {
            "zone": "centre_droit",
            "nombre_objets": 1,
            "details_objets": [
                [
                    378000,
                    0,
                    0.4203154146671295
                ]
            ],
            "confidence_moyenne": 0.4203154146671295
        },
        {
            "zone": "centre_gauche",
            "nombre_objets": 1,
            "details_objets": [
                [
                    378001,
                    0,
                    0.25065159797668457
                ]
            ],
            "confidence_moyenne": 0.25065159797668457
        }
    ]
}