{
    "frame_id": 400,
    "timestamp": "2024-12-26 21:22:16",
    "detections": [
        {
            "zone": "gauche",
            "nombre_objets": 1,
            "details_objets": [
                [
                    400000,
                    0,
                    0.42391395568847656
                ]
            ],
            "confidence_moyenne": 0.42391395568847656
        },
        {
            "zone": "centre_gauche",
            "nombre_objets": 1,
            "details_objets": [
                [
                    400001,
                    0,
                    0.4198368787765503
                ]
            ],
            "confidence_moyenne": 0.4198368787765503
        },
        {
            "zone": "centre_droit",
            "nombre_objets": 1,
            "details_objets": [
                [
                    400002,
                    0,
                    0.3901764452457428
                ]
            ],
            "confidence_moyenne": 0.3901764452457428
        }
    ]
}