{
    "frame_id": 76,
    "timestamp": "2024-12-26 21:15:38",
    "detections": [
        {
            "zone": "centre_gauche",
            "nombre_objets": 2,
            "details_objets": [
                [
                    76000,
                    0,
                    0.3275229334831238
                ],
                [
                    76001,
                    0,
                    0.25502926111221313
                ]
            ],
            "confidence_moyenne": 0.29127609729766846
        }
    ]
}