{
    "frame_id": 98,
    "timestamp": "2024-12-26 21:16:09",
    "detections": [
        {
            "zone": "centre_gauche",
            "nombre_objets": 3,
            "details_objets": [
                [
                    98000,
                    0,
                    0.3459371030330658
                ],
                [
                    98001,
                    0,
                    0.3406282365322113
                ],
                [
                    98002,
                    0,
                    0.3362939655780792
                ]
            ],
            "confidence_moyenne": 0.3409531017144521
        }
    ]
}