{
    "frame_id": 539,
    "timestamp": "2024-12-26 21:24:45",
    "detections": [
        {
            "zone": "centre_gauche",
            "nombre_objets": 4,
            "details_objets": [
                [
                    539000,
                    0,
                    0.3521648943424225
                ],
                [
                    539001,
                    0,
                    0.3449101150035858
                ],
                [
                    539004,
                    0,
                    0.2970494329929352
                ],
                [
                    539005,
                    0,
                    0.29079923033714294
                ]
            ],
            "confidence_moyenne": 0.3212309181690216
        },
        {
            "zone": "centre_droit",
            "nombre_objets": 1,
            "details_objets": [
                [
                    539002,
                    0,
                    0.32839030027389526
                ]
            ],
            "confidence_moyenne": 0.32839030027389526
        },
        {
            "zone": "droite",
            "nombre_objets": 1,
            "details_objets": [
                [
                    539003,
                    0,
                    0.31463125348091125
                ]
            ],
            "confidence_moyenne": 0.31463125348091125
        }
    ]
}