{
    "frame_id": 269,
    "timestamp": "2024-12-26 21:19:48",
    "detections": [
        {
            "zone": "gauche",
            "nombre_objets": 1,
            "details_objets": [
                [
                    269000,
                    0,
                    0.3926507532596588
                ]
            ],
            "confidence_moyenne": 0.3926507532596588
        },
        {
            "zone": "centre_droit",
            "nombre_objets": 2,
            "details_objets": [
                [
                    269001,
                    0,
                    0.3732375204563141
                ],
                [
                    269002,
                    0,
                    0.36380675435066223
                ]
            ],
            "confidence_moyenne": 0.36852213740348816
        },
        {
            "zone": "droite",
            "nombre_objets": 1,
            "details_objets": [
                [
                    269003,
                    0,
                    0.32598063349723816
                ]
            ],
            "confidence_moyenne": 0.32598063349723816
        }
    ]
}