{
    "frame_id": 116,
    "timestamp": "2024-12-26 21:16:35",
    "detections": [
        {
            "zone": "centre_gauche",
            "nombre_objets": 3,
            "details_objets": [
                [
                    116000,
                    0,
                    0.374488890171051
                ],
                [
                    116001,
                    0,
                    0.3197970688343048
                ],
                [
                    116002,
                    0,
                    0.2811843156814575
                ]
            ],
            "confidence_moyenne": 0.3251567582289378
        }
    ]
}