{
    "frame_id": 381,
    "timestamp": "2024-12-26 21:21:53",
    "detections": [
        {
            "zone": "centre_gauche",
            "nombre_objets": 3,
            "details_objets": [
                [
                    381001,
                    0,
                    0.3028383255004883
                ],
                [
                    381002,
                    0,
                    0.30122652649879456
                ],
                [
                    381003,
                    0,
                    0.25264254212379456
                ]
            ],
            "confidence_moyenne": 0.28556913137435913
        },
        {
            "zone": "centre_droit",
            "nombre_objets": 1,
            "details_objets": [
                [
                    381000,
                    0,
                    0.41016361117362976
                ]
            ],
            "confidence_moyenne": 0.41016361117362976
        }
    ]
}