{
    "frame_id": 391,
    "timestamp": "2024-12-26 21:22:05",
    "detections": [
        {
            "zone": "centre_gauche",
            "nombre_objets": 2,
            "details_objets": [
                [
                    391000,
                    0,
                    0.4365173578262329
                ],
                [
                    391002,
                    0,
                    0.2940804660320282
                ]
            ],
            "confidence_moyenne": 0.36529891192913055
        },
        {
            "zone": "centre_droit",
            "nombre_objets": 1,
            "details_objets": [
                [
                    391001,
                    0,
                    0.3905424177646637
                ]
            ],
            "confidence_moyenne": 0.3905424177646637
        }
    ]
}