{
    "frame_id": 517,
    "timestamp": "2024-12-26 21:24:20",
    "detections": [
        {
            "zone": "centre_gauche",
            "nombre_objets": 4,
            "details_objets": [
                [
                    517000,
                    0,
                    0.3928130865097046
                ],
                [
                    517002,
                    0,
                    0.3438177704811096
                ],
                [
                    517003,
                    0,
                    0.31627100706100464
                ],
                [
                    517004,
                    0,
                    0.31309613585472107
                ]
            ],
            "confidence_moyenne": 0.341499499976635
        },
        {
            "zone": "droite",
            "nombre_objets": 1,
            "details_objets": [
                [
                    517001,
                    0,
                    0.3876306414604187
                ]
            ],
            "confidence_moyenne": 0.3876306414604187
        },
        {
            "zone": "centre_droit",
            "nombre_objets": 1,
            "details_objets": [
                [
                    517005,
                    0,
                    0.2872322201728821
                ]
            ],
            "confidence_moyenne": 0.2872322201728821
        }
    ]
}