{
    "frame_id": 197,
    "timestamp": "2024-12-26 21:18:25",
    "detections": [
        {
            "zone": "centre_gauche",
            "nombre_objets": 1,
            "details_objets": [
                [
                    197000,
                    0,
                    0.4421883821487427
                ]
            ],
            "confidence_moyenne": 0.4421883821487427
        },
        {
            "zone": "centre_droit",
            "nombre_objets": 1,
            "details_objets": [
                [
                    197001,
                    0,
                    0.3264274597167969
                ]
            ],
            "confidence_moyenne": 0.3264274597167969
        }
    ]
}