{
    "frame_id": 13,
    "timestamp": "2024-12-26 21:13:31",
    "detections": [
        {
            "zone": "centre_gauche",
            "nombre_objets": 2,
            "details_objets": [
                [
                    13000,
                    0,
                    0.33723700046539307
                ],
                [
                    13001,
                    0,
                    0.28045186400413513
                ]
            ],
            "confidence_moyenne": 0.3088444322347641
        }
    ]
}