{
    "frame_id": 233,
    "timestamp": "2024-12-26 21:19:09",
    "detections": [
        {
            "zone": "centre_gauche",
            "nombre_objets": 2,
            "details_objets": [
                [
                    233000,
                    0,
                    0.2990567982196808
                ],
                [
                    233001,
                    0,
                    0.29710692167282104
                ]
            ],
            "confidence_moyenne": 0.2980818599462509
        }
    ]
}