{
    "frame_id": 551,
    "timestamp": "2024-12-26 21:24:58",
    "detections": [
        {
            "zone": "centre_gauche",
            "nombre_objets": 4,
            "details_objets": [
                [
                    551000,
                    0,
                    0.3750181198120117
                ],
                [
                    551001,
                    0,
                    0.36491987109184265
                ],
                [
                    551002,
                    0,
                    0.3526083528995514
                ],
                [
                    551003,
                    0,
                    0.30520522594451904
                ]
            ],
            "confidence_moyenne": 0.3494378924369812
        }
    ]
}