{
    "frame_id": 223,
    "timestamp": "2024-12-26 21:18:57",
    "detections": [
        {
            "zone": "centre_gauche",
            "nombre_objets": 3,
            "details_objets": [
                [
                    223000,
                    0,
                    0.35001927614212036
                ],
                [
                    223001,
                    0,
                    0.3346117436885834
                ],
                [
                    223002,
                    0,
                    0.3187122941017151
                ]
            ],
            "confidence_moyenne": 0.3344477713108063
        }
    ]
}