{
    "frame_id": 293,
    "timestamp": "2024-12-26 21:20:16",
    "detections": [
        {
            "zone": "centre_droit",
            "nombre_objets": 2,
            "details_objets": [
                [
                    293000,
                    0,
                    0.4503389596939087
                ],
                [
                    293001,
                    0,
                    0.3323165774345398
                ]
            ],
            "confidence_moyenne": 0.39132776856422424
        }
    ]
}