{
    "frame_id": 159,
    "timestamp": "2024-12-26 21:17:35",
    "detections": [
        {
            "zone": "centre_gauche",
            "nombre_objets": 2,
            "details_objets": [
                [
                    159000,
                    0,
                    0.44559451937675476
                ],
                [
                    159001,
                    0,
                    0.38948115706443787
                ]
            ],
            "confidence_moyenne": 0.4175378382205963
        }
    ]
}