{
    "frame_id": 443,
    "timestamp": "2024-12-26 21:23:03",
    "detections": [
        {
            "zone": "droite",
            "nombre_objets": 1,
            "details_objets": [
                [
                    443000,
                    0,
                    0.39717718958854675
                ]
            ],
            "confidence_moyenne": 0.39717718958854675
        },
        {
            "zone": "centre_gauche",
            "nombre_objets": 1,
            "details_objets": [
                [
                    443001,
                    0,
                    0.333564817905426
                ]
            ],
            "confidence_moyenne": 0.333564817905426
        }
    ]
}