{
    "frame_id": 40,
    "timestamp": "2024-12-26 21:14:25",
    "detections": [
        {
            "zone": "centre_gauche",
            "nombre_objets": 4,
            "details_objets": [
                [
                    40000,
                    0,
                    0.37767329812049866
                ],
                [
                    40001,
                    0,
                    0.3689785897731781
                ],
                [
                    40002,
                    0,
                    0.30836519598960876
                ],
                [
                    40003,
                    0,
                    0.30269286036491394
                ]
            ],
            "confidence_moyenne": 0.33942748606204987
        }
    ]
}