{
    "frame_id": 596,
    "timestamp": "2024-12-26 21:25:48",
    "detections": [
        {
            "zone": "centre_gauche",
            "nombre_objets": 4,
            "details_objets": [
                [
                    596000,
                    0,
                    0.31860727071762085
                ],
                [
                    596001,
                    0,
                    0.3092278242111206
                ],
                [
                    596002,
                    0,
                    0.3088735044002533
                ],
                [
                    596003,
                    0,
                    0.29096248745918274
                ]
            ],
            "confidence_moyenne": 0.3069177716970444
        }
    ]
}