{
    "frame_id": 38,
    "timestamp": "2024-12-26 21:14:20",
    "detections": [
        {
            "zone": "centre_gauche",
            "nombre_objets": 4,
            "details_objets": [
                [
                    38000,
                    0,
                    0.3744904696941376
                ],
                [
                    38001,
                    0,
                    0.3497319519519806
                ],
                [
                    38002,
                    0,
                    0.3053796589374542
                ],
                [
                    38003,
                    0,
                    0.2990429997444153
                ]
            ],
            "confidence_moyenne": 0.3321612700819969
        }
    ]
}