{
    "frame_id": 80,
    "timestamp": "2024-12-26 21:15:45",
    "detections": [
        {
            "zone": "centre_gauche",
            "nombre_objets": 2,
            "details_objets": [
                [
                    80000,
                    0,
                    0.31338366866111755
                ],
                [
                    80001,
                    0,
                    0.2694718837738037
                ]
            ],
            "confidence_moyenne": 0.29142777621746063
        }
    ]
}