{
    "frame_id": 490,
    "timestamp": "2024-12-26 21:23:50",
    "detections": [
        {
            "zone": "centre_gauche",
            "nombre_objets": 2,
            "details_objets": [
                [
                    490000,
                    0,
                    0.37161508202552795
                ],
                [
                    490001,
                    0,
                    0.29816168546676636
                ]
            ],
            "confidence_moyenne": 0.33488838374614716
        }
    ]
}