{
    "frame_id": 104,
    "timestamp": "2024-12-26 21:16:18",
    "detections": [
        {
            "zone": "centre_gauche",
            "nombre_objets": 5,
            "details_objets": [
                [
                    104000,
                    0,
                    0.4109329283237457
                ],
                [
                    104001,
                    0,
                    0.34070852398872375
                ],
                [
                    104002,
                    0,
                    0.2788613736629486
                ],
                [
                    104003,
                    0,
                    0.27086853981018066
                ],
                [
                    104004,
                    0,
                    0.26878777146339417
                ]
            ],
            "confidence_moyenne": 0.3140318274497986
        }
    ]
}