{
    "frame_id": 134,
    "timestamp": "2024-12-26 21:16:58",
    "detections": [
        {
            "zone": "centre_gauche",
            "nombre_objets": 3,
            "details_objets": [
                [
                    134000,
                    0,
                    0.3607192933559418
                ],
                [
                    134001,
                    0,
                    0.3532223403453827
                ],
                [
                    134002,
                    0,
                    0.2858089208602905
                ]
            ],
            "confidence_moyenne": 0.33325018485387164
        },
        {
            "zone": "centre_droit",
            "nombre_objets": 1,
            "details_objets": [
                [
                    134003,
                    0,
                    0.25632038712501526
                ]
            ],
            "confidence_moyenne": 0.25632038712501526
        }
    ]
}