{
    "frame_id": 523,
    "timestamp": "2024-12-26 21:24:26",
    "detections": [
        {
            "zone": "centre_droit",
            "nombre_objets": 1,
            "details_objets": [
                [
                    523000,
                    0,
                    0.41302961111068726
                ]
            ],
            "confidence_moyenne": 0.41302961111068726
        },
        {
            "zone": "centre_gauche",
            "nombre_objets": 2,
            "details_objets": [
                [
                    523001,
                    0,
                    0.35324394702911377
                ],
                [
                    523002,
                    0,
                    0.3404890298843384
                ]
            ],
            "confidence_moyenne": 0.3468664884567261
        }
    ]
}