{
    "frame_id": 55,
    "timestamp": "2024-12-26 21:14:56",
    "detections": [
        {
            "zone": "centre_gauche",
            "nombre_objets": 2,
            "details_objets": [
                [
                    55000,
                    0,
                    0.3917563259601593
                ],
                [
                    55001,
                    0,
                    0.3315946161746979
                ]
            ],
            "confidence_moyenne": 0.3616754710674286
        }
    ]
}