{
    "frame_id": 471,
    "timestamp": "2024-12-26 21:23:29",
    "detections": [
        {
            "zone": "centre_gauche",
            "nombre_objets": 1,
            "details_objets": [
                [
                    471000,
                    0,
                    0.455178439617157
                ]
            ],
            "confidence_moyenne": 0.455178439617157
        },
        {
            "zone": "gauche",
            "nombre_objets": 1,
            "details_objets": [
                [
                    471001,
                    0,
                    0.3857158422470093
                ]
            ],
            "confidence_moyenne": 0.3857158422470093
        },
        {
            "zone": "droite",
            "nombre_objets": 1,
            "details_objets": [
                [
                    471002,
                    0,
                    0.28116491436958313
                ]
            ],
            "confidence_moyenne": 0.28116491436958313
        }
    ]
}