{
    "frame_id": 408,
    "timestamp": "2024-12-26 21:22:23",
    "detections": [
        {
            "zone": "centre_droit",
            "nombre_objets": 1,
            "details_objets": [
                [
                    408000,
                    0,
                    0.34799352288246155
                ]
            ],
            "confidence_moyenne": 0.34799352288246155
        },
        {
            "zone": "gauche",
            "nombre_objets": 1,
            "details_objets": [
                [
                    408002,
                    0,
                    0.2501353621482849
                ]
            ],
            "confidence_moyenne": 0.2501353621482849
        },
        {
            "zone": "centre_gauche",
            "nombre_objets": 1,
            "details_objets": [
                [
                    408001,
                    0,
                    0.33552783727645874
                ]
            ],
            "confidence_moyenne": 0.33552783727645874
        }
    ]
}