{
    "frame_id": 94,
    "timestamp": "2024-12-26 21:16:04",
    "detections": [
        {
            "zone": "centre_gauche",
            "nombre_objets": 2,
            "details_objets": [
                [
                    94000,
                    0,
                    0.2888525128364563
                ],
                [
                    94001,
                    0,
                    0.2870054543018341
                ]
            ],
            "confidence_moyenne": 0.2879289835691452
        }
    ]
}