{
    "frame_id": 251,
    "timestamp": "2024-12-26 21:19:26",
    "detections": [
        {
            "zone": "centre_droit",
            "nombre_objets": 1,
            "details_objets": [
                [
                    251000,
                    0,
                    0.4334036707878113
                ]
            ],
            "confidence_moyenne": 0.4334036707878113
        },
        {
            "zone": "centre_gauche",
            "nombre_objets": 1,
            "details_objets": [
                [
                    251002,
                    0,
                    0.2865293025970459
                ]
            ],
            "confidence_moyenne": 0.2865293025970459
        },
        {
            "zone": "droite",
            "nombre_objets": 1,
            "details_objets": [
                [
                    251001,
                    0,
                    0.3260653018951416
                ]
            ],
            "confidence_moyenne": 0.3260653018951416
        }
    ]
}