{
    "frame_id": 595,
    "timestamp": "2024-12-26 21:25:47",
    "detections": [
        {
            "zone": "centre_gauche",
            "nombre_objets": 3,
            "details_objets": [
                [
                    595000,
                    0,
                    0.30129295587539673
                ],
                [
                    595001,
                    0,
                    0.3002869188785553
                ],
                [
                    595002,
                    0,
                    0.25410038232803345
                ]
            ],
            "confidence_moyenne": 0.2852267523606618
        }
    ]
}