{
    "frame_id": 588,
    "timestamp": "2024-12-26 21:25:38",
    "detections": [
        {
            "zone": "centre_gauche",
            "nombre_objets": 4,
            "details_objets": [
                [
                    588001,
                    0,
                    0.37798646092414856
                ],
                [
                    588002,
                    0,
                    0.35774993896484375
                ],
                [
                    588003,
                    0,
                    0.337918221950531
                ],
                [
                    588004,
                    0,
                    0.27684617042541504
                ]
            ],
            "confidence_moyenne": 0.3376251980662346
        },
        {
            "zone": "centre_droit",
            "nombre_objets": 1,
            "details_objets": [
                [
                    588000,
                    0,
                    0.37870731949806213
                ]
            ],
            "confidence_moyenne": 0.37870731949806213
        },
        {
            "zone": "droite",
            "nombre_objets": 1,
            "details_objets": [
                [
                    588005,
                    0,
                    0.2638998031616211
                ]
            ],
            "confidence_moyenne": 0.2638998031616211
        }
    ]
}