{
    "frame_id": 20,
    "timestamp": "2024-12-26 21:13:42",
    "detections": [
        {
            "zone": "centre_gauche",
            "nombre_objets": 2,
            "details_objets": [
                [
                    20000,
                    0,
                    0.32237929105758667
                ],
                [
                    20001,
                    0,
                    0.26039034128189087
                ]
            ],
            "confidence_moyenne": 0.29138481616973877
        }
    ]
}