{
    "frame_id": 155,
    "timestamp": "2024-12-26 21:17:30",
    "detections": [
        {
            "zone": "centre_gauche",
            "nombre_objets": 3,
            "details_objets": [
                [
                    155000,
                    0,
                    0.44120901823043823
                ],
                [
                    155001,
                    0,
                    0.4004591405391693
                ],
                [
                    155002,
                    0,
                    0.30353328585624695
                ]
            ],
            "confidence_moyenne": 0.38173381487528485
        }
    ]
}