{
    "frame_id": 273,
    "timestamp": "2024-12-26 21:19:52",
    "detections": [
        {
            "zone": "gauche",
            "nombre_objets": 1,
            "details_objets": [
                [
                    273000,
                    0,
                    0.3362073600292206
                ]
            ],
            "confidence_moyenne": 0.3362073600292206
        },
        {
            "zone": "centre_droit",
            "nombre_objets": 2,
            "details_objets": [
                [
                    273001,
                    0,
                    0.334990918636322
                ],
                [
                    273002,
                    0,
                    0.3137378692626953
                ]
            ],
            "confidence_moyenne": 0.32436439394950867
        }
    ]
}