{
    "frame_id": 406,
    "timestamp": "2024-12-26 21:22:21",
    "detections": [
        {
            "zone": "centre_droit",
            "nombre_objets": 1,
            "details_objets": [
                [
                    406000,
                    0,
                    0.39275988936424255
                ]
            ],
            "confidence_moyenne": 0.39275988936424255
        },
        {
            "zone": "centre_gauche",
            "nombre_objets": 1,
            "details_objets": [
                [
                    406001,
                    0,
                    0.3587203621864319
                ]
            ],
            "confidence_moyenne": 0.3587203621864319
        }
    ]
}