{
    "frame_id": 563,
    "timestamp": "2024-12-26 21:25:11",
    "detections": [
        {
            "zone": "centre_gauche",
            "nombre_objets": 3,
            "details_objets": [
                [
                    563000,
                    0,
                    0.3766242563724518
                ],
                [
                    563002,
                    0,
                    0.34340178966522217
                ],
                [
                    563003,
                    0,
                    0.3395930230617523
                ]
            ],
            "confidence_moyenne": 0.3532063563664754
        },
        {
            "zone": "centre_droit",
            "nombre_objets": 1,
            "details_objets": [
                [
                    563001,
                    0,
                    0.35675689578056335
                ]
            ],
            "confidence_moyenne": 0.35675689578056335
        }
    ]
}