{
    "frame_id": 232,
    "timestamp": "2024-12-26 21:19:08",
    "detections": [
        {
            "zone": "centre_gauche",
            "nombre_objets": 2,
            "details_objets": [
                [
                    232000,
                    0,
                    0.28402096033096313
                ],
                [
                    232001,
                    0,
                    0.27044808864593506
                ]
            ],
            "confidence_moyenne": 0.2772345244884491
        }
    ]
}