{
    "frame_id": 148,
    "timestamp": "2024-12-26 21:17:21",
    "detections": [
        {
            "zone": "centre_gauche",
            "nombre_objets": 2,
            "details_objets": [
                [
                    148000,
                    0,
                    0.45060989260673523
                ],
                [
                    148001,
                    0,
                    0.3444068729877472
                ]
            ],
            "confidence_moyenne": 0.3975083827972412
        },
        {
            "zone": "centre_droit",
            "nombre_objets": 1,
            "details_objets": [
                [
                    148002,
                    0,
                    0.32332801818847656
                ]
            ],
            "confidence_moyenne": 0.32332801818847656
        }
    ]
}