{
    "frame_id": 550,
    "timestamp": "2024-12-26 21:24:56",
    "detections": [
        {
            "zone": "centre_gauche",
            "nombre_objets": 4,
            "details_objets": [
                [
                    550000,
                    0,
                    0.3812316060066223
                ],
                [
                    550001,
                    0,
                    0.36254605650901794
                ],
                [
                    550002,
                    0,
                    0.3535429835319519
                ],
                [
                    550003,
                    0,
                    0.28590506315231323
                ]
            ],
            "confidence_moyenne": 0.34580642729997635
        }
    ]
}