{
    "frame_id": 386,
    "timestamp": "2024-12-26 21:21:59",
    "detections": [
        {
            "zone": "centre_droit",
            "nombre_objets": 1,
            "details_objets": [
                [
                    386000,
                    0,
                    0.39616283774375916
                ]
            ],
            "confidence_moyenne": 0.39616283774375916
        },
        {
            "zone": "centre_gauche",
            "nombre_objets": 1,
            "details_objets": [
                [
                    386001,
                    0,
                    0.38592830300331116
                ]
            ],
            "confidence_moyenne": 0.38592830300331116
        }
    ]
}