{
    "frame_id": 275,
    "timestamp": "2024-12-26 21:19:54",
    "detections": [
        {
            "zone": "droite",
            "nombre_objets": 1,
            "details_objets": [
                [
                    275000,
                    0,
                    0.38790157437324524
                ]
            ],
            "confidence_moyenne": 0.38790157437324524
        },
        {
            "zone": "centre_droit",
            "nombre_objets": 2,
            "details_objets": [
                [
                    275001,
                    0,
                    0.303176611661911
                ],
                [
                    275002,
                    0,
                    0.25192514061927795
                ]
            ],
            "confidence_moyenne": 0.2775508761405945
        }
    ]
}