{
    "frame_id": 170,
    "timestamp": "2024-12-26 21:17:50",
    "detections": [
        {
            "zone": "centre_gauche",
            "nombre_objets": 1,
            "details_objets": [
                [
                    170000,
                    0,
                    0.413822203874588
                ]
            ],
            "confidence_moyenne": 0.413822203874588
        },
        {
            "zone": "centre_droit",
            "nombre_objets": 1,
            "details_objets": [
                [
                    170001,
                    0,
                    0.2849801480770111
                ]
            ],
            "confidence_moyenne": 0.2849801480770111
        }
    ]
}