{
    "frame_id": 506,
    "timestamp": "2024-12-26 21:24:07",
    "detections": [
        {
            "zone": "centre_droit",
            "nombre_objets": 1,
            "details_objets": [
                [
                    506000,
                    0,
                    0.3316153287887573
                ]
            ],
            "confidence_moyenne": 0.3316153287887573
        },
        {
            "zone": "centre_gauche",
            "nombre_objets": 2,
            "details_objets": [
                [
                    506001,
                    0,
                    0.3100166618824005
                ],
                [
                    506002,
                    0,
                    0.3006642162799835
                ]
            ],
            "confidence_moyenne": 0.305340439081192
        }
    ]
}