{
    "frame_id": 493,
    "timestamp": "2024-12-26 21:23:53",
    "detections": [
        {
            "zone": "centre_gauche",
            "nombre_objets": 1,
            "details_objets": [
                [
                    493000,
                    0,
                    0.3523508310317993
                ]
            ],
            "confidence_moyenne": 0.3523508310317993
        },
        {
            "zone": "droite",
            "nombre_objets": 1,
            "details_objets": [
                [
                    493001,
                    0,
                    0.31606563925743103
                ]
            ],
            "confidence_moyenne": 0.31606563925743103
        },
        {
            "zone": "centre_droit",
            "nombre_objets": 2,
            "details_objets": [
                [
                    493002,
                    0,
                    0.3066813349723816
                ],
                [
                    493003,
                    0,
                    0.25761792063713074
                ]
            ],
            "confidence_moyenne": 0.28214962780475616
        }
    ]
}