{
    "frame_id": 290,
    "timestamp": "2024-12-26 21:20:11",
    "detections": [
        {
            "zone": "centre_droit",
            "nombre_objets": 1,
            "details_objets": [
                [
                    290000,
                    0,
                    0.34817764163017273
                ]
            ],
            "confidence_moyenne": 0.34817764163017273
        },
        {
            "zone": "droite",
            "nombre_objets": 1,
            "details_objets": [
                [
                    290001,
                    0,
                    0.2896290719509125
                ]
            ],
            "confidence_moyenne": 0.2896290719509125
        }
    ]
}