{
    "frame_id": 409,
    "timestamp": "2024-12-26 21:22:24",
    "detections": [
        {
            "zone": "gauche",
            "nombre_objets": 1,
            "details_objets": [
                [
                    409000,
                    0,
                    0.38751474022865295
                ]
            ],
            "confidence_moyenne": 0.38751474022865295
        },
        {
            "zone": "centre_droit",
            "nombre_objets": 1,
            "details_objets": [
                [
                    409001,
                    0,
                    0.3040784001350403
                ]
            ],
            "confidence_moyenne": 0.3040784001350403
        }
    ]
}