{
    "frame_id": 511,
    "timestamp": "2024-12-26 21:24:13",
    "detections": [
        {
            "zone": "centre_gauche",
            "nombre_objets": 4,
            "details_objets": [
                [
                    511000,
                    0,
                    0.30113428831100464
                ],
                [
                    511002,
                    0,
                    0.2948143184185028
                ],
                [
                    511005,
                    0,
                    0.2635050117969513
                ],
                [
                    511007,
                    0,
                    0.2591708302497864
                ]
            ],
            "confidence_moyenne": 0.2796561121940613
        },
        {
            "zone": "centre_droit",
            "nombre_objets": 3,
            "details_objets": [
                [
                    511001,
                    0,
                    0.2963601052761078
                ],
                [
                    511004,
                    0,
                    0.2722008228302002
                ],
                [
                    511006,
                    0,
                    0.260987251996994
                ]
            ],
            "confidence_moyenne": 0.276516060034434
        },
        {
            "zone": "droite",
            "nombre_objets": 1,
            "details_objets": [
                [
                    511003,
                    0,
                    0.27599039673805237
                ]
            ],
            "confidence_moyenne": 0.27599039673805237
        }
    ]
}