{
    "frame_id": 424,
    "timestamp": "2024-12-26 21:22:41",
    "detections": [
        {
            "zone": "centre_droit",
            "nombre_objets": 1,
            "details_objets": [
                [
                    424000,
                    0,
                    0.4251568019390106
                ]
            ],
            "confidence_moyenne": 0.4251568019390106
        },
        {
            "zone": "centre_gauche",
            "nombre_objets": 1,
            "details_objets": [
                [
                    424001,
                    0,
                    0.3989332914352417
                ]
            ],
            "confidence_moyenne": 0.3989332914352417
        },
        {
            "zone": "droite",
            "nombre_objets": 1,
            "details_objets": [
                [
                    424002,
                    0,
                    0.2798982262611389
                ]
            ],
            "confidence_moyenne": 0.2798982262611389
        }
    ]
}