{
    "frame_id": 547,
    "timestamp": "2024-12-26 21:24:53",
    "detections": [
        {
            "zone": "centre_gauche",
            "nombre_objets": 3,
            "details_objets": [
                [
                    547000,
                    0,
                    0.3546334207057953
                ],
                [
                    547001,
                    0,
                    0.3508668839931488
                ],
                [
                    547002,
                    0,
                    0.3465726673603058
                ]
            ],
            "confidence_moyenne": 0.3506909906864166
        },
        {
            "zone": "centre_droit",
            "nombre_objets": 1,
            "details_objets": [
                [
                    547003,
                    0,
                    0.33248618245124817
                ]
            ],
            "confidence_moyenne": 0.33248618245124817
        },
        {
            "zone": "droite",
            "nombre_objets": 2,
            "details_objets": [
                [
                    547004,
                    0,
                    0.27564069628715515
                ],
                [
                    547005,
                    0,
                    0.263040691614151
                ]
            ],
            "confidence_moyenne": 0.2693406939506531
        }
    ]
}