{
    "frame_id": 221,
    "timestamp": "2024-12-26 21:18:55",
    "detections": [
        {
            "zone": "centre_gauche",
            "nombre_objets": 3,
            "details_objets": [
                [
                    221000,
                    0,
                    0.3254883885383606
                ],
                [
                    221001,
                    0,
                    0.317220538854599
                ],
                [
                    221002,
                    0,
                    0.29555919766426086
                ]
            ],
            "confidence_moyenne": 0.31275604168574017
        }
    ]
}