{
    "frame_id": 562,
    "timestamp": "2024-12-26 21:25:10",
    "detections": [
        {
            "zone": "centre_gauche",
            "nombre_objets": 4,
            "details_objets": [
                [
                    562000,
                    0,
                    0.3922632932662964
                ],
                [
                    562001,
                    0,
                    0.33950334787368774
                ],
                [
                    562003,
                    0,
                    0.3286142647266388
                ],
                [
                    562005,
                    0,
                    0.3165883719921112
                ]
            ],
            "confidence_moyenne": 0.34424231946468353
        },
        {
            "zone": "centre_droit",
            "nombre_objets": 1,
            "details_objets": [
                [
                    562002,
                    0,
                    0.331861674785614
                ]
            ],
            "confidence_moyenne": 0.331861674785614
        },
        {
            "zone": "droite",
            "nombre_objets": 1,
            "details_objets": [
                [
                    562004,
                    0,
                    0.32812848687171936
                ]
            ],
            "confidence_moyenne": 0.32812848687171936
        }
    ]
}