{
    "frame_id": 325,
    "timestamp": "2024-12-26 21:20:50",
    "detections": [
        {
            "zone": "centre_droit",
            "nombre_objets": 1,
            "details_objets": [
                [
                    325000,
                    0,
                    0.45927122235298157
                ]
            ],
            "confidence_moyenne": 0.45927122235298157
        },
        {
            "zone": "gauche",
            "nombre_objets": 1,
            "details_objets": [
                [
                    325001,
                    0,
                    0.3725653290748596
                ]
            ],
            "confidence_moyenne": 0.3725653290748596
        }
    ]
}