{
    "frame_id": 380,
    "timestamp": "2024-12-26 21:21:52",
    "detections": [
        {
            "zone": "centre_droit",
            "nombre_objets": 3,
            "details_objets": [
                [
                    380000,
                    0,
                    0.40006646513938904
                ],
                [
                    380001,
                    0,
                    0.39839473366737366
                ],
                [
                    380003,
                    0,
                    0.278637558221817
                ]
            ],
            "confidence_moyenne": 0.35903291900952655
        },
        {
            "zone": "centre_gauche",
            "nombre_objets": 1,
            "details_objets": [
                [
                    380002,
                    0,
                    0.2810893654823303
                ]
            ],
            "confidence_moyenne": 0.2810893654823303
        }
    ]
}