{
    "frame_id": 43,
    "timestamp": "2024-12-26 21:14:30",
    "detections": [
        {
            "zone": "centre_gauche",
            "nombre_objets": 3,
            "details_objets": [
                [
                    43000,
                    0,
                    0.36145883798599243
                ],
                [
                    43001,
                    0,
                    0.3458842635154724
                ],
                [
                    43002,
                    0,
                    0.30246007442474365
                ]
            ],
            "confidence_moyenne": 0.3366010586420695
        },
        {
            "zone": "centre_droit",
            "nombre_objets": 1,
            "details_objets": [
                [
                    43003,
                    0,
                    0.2581459581851959
                ]
            ],
            "confidence_moyenne": 0.2581459581851959
        }
    ]
}