{
    "frame_id": 320,
    "timestamp": "2024-12-26 21:20:44",
    "detections": [
        {
            "zone": "centre_droit",
            "nombre_objets": 1,
            "details_objets": [
                [
                    320000,
                    0,
                    0.45792660117149353
                ]
            ],
            "confidence_moyenne": 0.45792660117149353
        },
        {
            "zone": "gauche",
            "nombre_objets": 1,
            "details_objets": [
                [
                    320001,
                    0,
                    0.3764832317829132
                ]
            ],
            "confidence_moyenne": 0.3764832317829132
        },
        {
            "zone": "droite",
            "nombre_objets": 1,
            "details_objets": [
                [
                    320002,
                    0,
                    0.280103474855423
                ]
            ],
            "confidence_moyenne": 0.280103474855423
        }
    ]
}