{
    "frame_id": 263,
    "timestamp": "2024-12-26 21:19:40",
    "detections": [
        {
            "zone": "centre_droit",
            "nombre_objets": 1,
            "details_objets": [
                [
                    263000,
                    0,
                    0.36869320273399353
                ]
            ],
            "confidence_moyenne": 0.36869320273399353
        },
        {
            "zone": "gauche",
            "nombre_objets": 1,
            "details_objets": [
                [
                    263001,
                    0,
                    0.31347399950027466
                ]
            ],
            "confidence_moyenne": 0.31347399950027466
        }
    ]
}