{
    "frame_id": 234,
    "timestamp": "2024-12-26 21:19:10",
    "detections": [
        {
            "zone": "centre_gauche",
            "nombre_objets": 3,
            "details_objets": [
                [
                    234000,
                    0,
                    0.3395223915576935
                ],
                [
                    234001,
                    0,
                    0.29774367809295654
                ],
                [
                    234002,
                    0,
                    0.2863803207874298
                ]
            ],
            "confidence_moyenne": 0.3078821301460266
        }
    ]
}