{
    "frame_id": 2,
    "timestamp": "2024-12-26 21:13:08",
    "detections": [
        {
            "zone": "centre_gauche",
            "nombre_objets": 2,
            "details_objets": [
                [
                    2000,
                    0,
                    0.267520546913147
                ],
                [
                    2001,
                    0,
                    0.25435200333595276
                ]
            ],
            "confidence_moyenne": 0.26093627512454987
        }
    ]
}