{
    "frame_id": 504,
    "timestamp": "2024-12-26 21:24:05",
    "detections": [
        {
            "zone": "centre_gauche",
            "nombre_objets": 3,
            "details_objets": [
                [
                    504000,
                    0,
                    0.43510425090789795
                ],
                [
                    504002,
                    0,
                    0.2941589653491974
                ],
                [
                    504003,
                    0,
                    0.2831864356994629
                ]
            ],
            "confidence_moyenne": 0.3374832173188527
        },
        {
            "zone": "centre_droit",
            "nombre_objets": 1,
            "details_objets": [
                [
                    504001,
                    0,
                    0.3916897475719452
                ]
            ],
            "confidence_moyenne": 0.3916897475719452
        },
        {
            "zone": "droite",
            "nombre_objets": 1,
            "details_objets": [
                [
                    504004,
                    0,
                    0.274739146232605
                ]
            ],
            "confidence_moyenne": 0.274739146232605
        }
    ]
}