{
    "frame_id": 404,
    "timestamp": "2024-12-26 21:22:19",
    "detections": [
        {
            "zone": "centre_droit",
            "nombre_objets": 1,
            "details_objets": [
                [
                    404000,
                    0,
                    0.35735973715782166
                ]
            ],
            "confidence_moyenne": 0.35735973715782166
        },
        {
            "zone": "centre_gauche",
            "nombre_objets": 1,
            "details_objets": [
                [
                    404001,
                    0,
                    0.2724985182285309
                ]
            ],
            "confidence_moyenne": 0.2724985182285309
        }
    ]
}