{
    "frame_id": 499,
    "timestamp": "2024-12-26 21:23:59",
    "detections": [
        {
            "zone": "centre_droit",
            "nombre_objets": 2,
            "details_objets": [
                [
                    499000,
                    0,
                    0.35235682129859924
                ],
                [
                    499001,
                    0,
                    0.2696627378463745
                ]
            ],
            "confidence_moyenne": 0.3110097795724869
        },
        {
            "zone": "centre_gauche",
            "nombre_objets": 1,
            "details_objets": [
                [
                    499002,
                    0,
                    0.2575571537017822
                ]
            ],
            "confidence_moyenne": 0.2575571537017822
        }
    ]
}