{
    "frame_id": 282,
    "timestamp": "2024-12-26 21:20:03",
    "detections": [
        {
            "zone": "centre_droit",
            "nombre_objets": 2,
            "details_objets": [
                [
                    282000,
                    0,
                    0.3294706344604492
                ],
                [
                    282001,
                    0,
                    0.27881065011024475
                ]
            ],
            "confidence_moyenne": 0.304140642285347
        }
    ]
}