{
    "frame_id": 365,
    "timestamp": "2024-12-26 21:21:35",
    "detections": [
        {
            "zone": "centre_gauche",
            "nombre_objets": 1,
            "details_objets": [
                [
                    365001,
                    0,
                    0.35942694544792175
                ]
            ],
            "confidence_moyenne": 0.35942694544792175
        },
        {
            "zone": "centre_droit",
            "nombre_objets": 3,
            "details_objets": [
                [
                    365000,
                    0,
                    0.43343573808670044
                ],
                [
                    365002,
                    0,
                    0.34878644347190857
                ],
                [
                    365003,
                    0,
                    0.26612260937690735
                ]
            ],
            "confidence_moyenne": 0.3494482636451721
        }
    ]
}