{
    "frame_id": 533,
    "timestamp": "2024-12-26 21:24:37",
    "detections": [
        {
            "zone": "centre_gauche",
            "nombre_objets": 3,
            "details_objets": [
                [
                    533001,
                    0,
                    0.2841002941131592
                ],
                [
                    533002,
                    0,
                    0.2831152379512787
                ],
                [
                    533004,
                    0,
                    0.26652687788009644
                ]
            ],
            "confidence_moyenne": 0.2779141366481781
        },
        {
            "zone": "centre_droit",
            "nombre_objets": 1,
            "details_objets": [
                [
                    533000,
                    0,
                    0.335053414106369
                ]
            ],
            "confidence_moyenne": 0.335053414106369
        },
        {
            "zone": "droite",
            "nombre_objets": 1,
            "details_objets": [
                [
                    533003,
                    0,
                    0.27647125720977783
                ]
            ],
            "confidence_moyenne": 0.27647125720977783
        }
    ]
}