{
    "frame_id": 514,
    "timestamp": "2024-12-26 21:24:17",
    "detections": [
        {
            "zone": "centre_gauche",
            "nombre_objets": 5,
            "details_objets": [
                [
                    514000,
                    0,
                    0.3899920582771301
                ],
                [
                    514003,
                    0,
                    0.3184615969657898
                ],
                [
                    514004,
                    0,
                    0.2939050495624542
                ],
                [
                    514005,
                    0,
                    0.2933586835861206
                ],
                [
                    514006,
                    0,
                    0.26525890827178955
                ]
            ],
            "confidence_moyenne": 0.31219525933265685
        },
        {
            "zone": "droite",
            "nombre_objets": 2,
            "details_objets": [
                [
                    514001,
                    0,
                    0.38587942719459534
                ],
                [
                    514002,
                    0,
                    0.3348720967769623
                ]
            ],
            "confidence_moyenne": 0.3603757619857788
        }
    ]
}