{
    "frame_id": 188,
    "timestamp": "2024-12-26 21:18:14",
    "detections": [
        {
            "zone": "centre_gauche",
            "nombre_objets": 1,
            "details_objets": [
                [
                    188000,
                    0,
                    0.4790184199810028
                ]
            ],
            "confidence_moyenne": 0.4790184199810028
        },
        {
            "zone": "centre_droit",
            "nombre_objets": 2,
            "details_objets": [
                [
                    188001,
                    0,
                    0.3325587809085846
                ],
                [
                    188002,
                    0,
                    0.25037381052970886
                ]
            ],
            "confidence_moyenne": 0.29146629571914673
        }
    ]
}