{
    "frame_id": 489,
    "timestamp": "2024-12-26 21:23:49",
    "detections": [
        {
            "zone": "centre_gauche",
            "nombre_objets": 2,
            "details_objets": [
                [
                    489000,
                    0,
                    0.3574991822242737
                ],
                [
                    489001,
                    0,
                    0.3137455880641937
                ]
            ],
            "confidence_moyenne": 0.3356223851442337
        },
        {
            "zone": "centre_droit",
            "nombre_objets": 1,
            "details_objets": [
                [
                    489002,
                    0,
                    0.2661738991737366
                ]
            ],
            "confidence_moyenne": 0.2661738991737366
        }
    ]
}