{
    "frame_id": 598,
    "timestamp": "2024-12-26 21:25:50",
    "detections": [
        {
            "zone": "centre_gauche",
            "nombre_objets": 6,
            "details_objets": [
                [
                    598000,
                    0,
                    0.3448643684387207
                ],
                [
                    598001,
                    0,
                    0.3301241993904114
                ],
                [
                    598002,
                    0,
                    0.3047366142272949
                ],
                [
                    598003,
                    0,
                    0.2819472849369049
                ],
                [
                    598004,
                    0,
                    0.2712518274784088
                ],
                [
                    598005,
                    0,
                    0.25941503047943115
                ]
            ],
            "confidence_moyenne": 0.2987232208251953
        }
    ]
}