{
    "frame_id": 392,
    "timestamp": "2024-12-26 21:22:06",
    "detections": [
        {
            "zone": "centre_gauche",
            "nombre_objets": 2,
            "details_objets": [
                [
                    392000,
                    0,
                    0.4494960308074951
                ],
                [
                    392002,
                    0,
                    0.2579183578491211
                ]
            ],
            "confidence_moyenne": 0.3537071943283081
        },
        {
            "zone": "centre_droit",
            "nombre_objets": 1,
            "details_objets": [
                [
                    392001,
                    0,
                    0.4002092182636261
                ]
            ],
            "confidence_moyenne": 0.4002092182636261
        }
    ]
}