{
    "frame_id": 543,
    "timestamp": "2024-12-26 21:24:49",
    "detections": [
        {
            "zone": "centre_gauche",
            "nombre_objets": 2,
            "details_objets": [
                [
                    543000,
                    0,
                    0.34698861837387085
                ],
                [
                    543001,
                    0,
                    0.3251282274723053
                ]
            ],
            "confidence_moyenne": 0.3360584229230881
        },
        {
            "zone": "centre_droit",
            "nombre_objets": 1,
            "details_objets": [
                [
                    543003,
                    0,
                    0.2517161965370178
                ]
            ],
            "confidence_moyenne": 0.2517161965370178
        },
        {
            "zone": "droite",
            "nombre_objets": 1,
            "details_objets": [
                [
                    543002,
                    0,
                    0.30618444085121155
                ]
            ],
            "confidence_moyenne": 0.30618444085121155
        }
    ]
}