{
    "frame_id": 9,
    "timestamp": "2024-12-26 21:13:22",
    "detections": [
        {
            "zone": "centre_gauche",
            "nombre_objets": 2,
            "details_objets": [
                [
                    9000,
                    0,
                    0.3538992702960968
                ],
                [
                    9001,
                    0,
                    0.2751622796058655
                ]
            ],
            "confidence_moyenne": 0.31453077495098114
        },
        {
            "zone": "droite",
            "nombre_objets": 1,
            "details_objets": [
                [
                    9002,
                    0,
                    0.2553081214427948
                ]
            ],
            "confidence_moyenne": 0.2553081214427948
        }
    ]
}