{
    "frame_id": 3,
    "timestamp": "2024-12-26 21:13:10",
    "detections": [
        {
            "zone": "centre_gauche",
            "nombre_objets": 2,
            "details_objets": [
                [
                    3000,
                    0,
                    0.2704222500324249
                ],
                [
                    3001,
                    0,
                    0.26612725853919983
                ]
            ],
            "confidence_moyenne": 0.2682747542858124
        }
    ]
}