{
    "frame_id": 422,
    "timestamp": "2024-12-26 21:22:39",
    "detections": [
        {
            "zone": "centre_gauche",
            "nombre_objets": 1,
            "details_objets": [
                [
                    422000,
                    0,
                    0.39245039224624634
                ]
            ],
            "confidence_moyenne": 0.39245039224624634
        },
        {
            "zone": "centre_droit",
            "nombre_objets": 1,
            "details_objets": [
                [
                    422001,
                    0,
                    0.3338964879512787
                ]
            ],
            "confidence_moyenne": 0.3338964879512787
        },
        {
            "zone": "droite",
            "nombre_objets": 1,
            "details_objets": [
                [
                    422002,
                    0,
                    0.28087952733039856
                ]
            ],
            "confidence_moyenne": 0.28087952733039856
        }
    ]
}