{
    "frame_id": 344,
    "timestamp": "2024-12-26 21:21:11",
    "detections": [
        {
            "zone": "centre_droit",
            "nombre_objets": 2,
            "details_objets": [
                [
                    344000,
                    0,
                    0.40913987159729004
                ],
                [
                    344002,
                    0,
                    0.27403703331947327
                ]
            ],
            "confidence_moyenne": 0.34158845245838165
        },
        {
            "zone": "gauche",
            "nombre_objets": 1,
            "details_objets": [
                [
                    344001,
                    0,
                    0.3852490186691284
                ]
            ],
            "confidence_moyenne": 0.3852490186691284
        }
    ]
}