{
    "frame_id": 158,
    "timestamp": "2024-12-26 21:17:34",
    "detections": [
        {
            "zone": "centre_gauche",
            "nombre_objets": 2,
            "details_objets": [
                [
                    158000,
                    0,
                    0.4257885217666626
                ],
                [
                    158001,
                    0,
                    0.36785680055618286
                ]
            ],
            "confidence_moyenne": 0.39682266116142273
        }
    ]
}