{
    "frame_id": 473,
    "timestamp": "2024-12-26 21:23:31",
    "detections": [
        {
            "zone": "gauche",
            "nombre_objets": 1,
            "details_objets": [
                [
                    473001,
                    0,
                    0.349343478679657
                ]
            ],
            "confidence_moyenne": 0.349343478679657
        },
        {
            "zone": "centre_gauche",
            "nombre_objets": 2,
            "details_objets": [
                [
                    473000,
                    0,
                    0.4592232406139374
                ],
                [
                    473003,
                    0,
                    0.25879716873168945
                ]
            ],
            "confidence_moyenne": 0.3590102046728134
        },
        {
            "zone": "droite",
            "nombre_objets": 1,
            "details_objets": [
                [
                    473002,
                    0,
                    0.2724350690841675
                ]
            ],
            "confidence_moyenne": 0.2724350690841675
        }
    ]
}