{
    "frame_id": 292,
    "timestamp": "2024-12-26 21:20:14",
    "detections": [
        {
            "zone": "centre_droit",
            "nombre_objets": 2,
            "details_objets": [
                [
                    292000,
                    0,
                    0.46633657813072205
                ],
                [
                    292001,
                    0,
                    0.26160645484924316
                ]
            ],
            "confidence_moyenne": 0.3639715164899826
        }
    ]
}