{
    "frame_id": 106,
    "timestamp": "2024-12-26 21:16:21",
    "detections": [
        {
            "zone": "centre_gauche",
            "nombre_objets": 3,
            "details_objets": [
                [
                    106000,
                    0,
                    0.3785792589187622
                ],
                [
                    106001,
                    0,
                    0.30982524156570435
                ],
                [
                    106002,
                    0,
                    0.27485936880111694
                ]
            ],
            "confidence_moyenne": 0.32108795642852783
        }
    ]
}