{
    "frame_id": 57,
    "timestamp": "2024-12-26 21:15:00",
    "detections": [
        {
            "zone": "centre_gauche",
            "nombre_objets": 2,
            "details_objets": [
                [
                    57000,
                    0,
                    0.3496575951576233
                ],
                [
                    57001,
                    0,
                    0.273350328207016
                ]
            ],
            "confidence_moyenne": 0.31150396168231964
        }
    ]
}