{
    "frame_id": 75,
    "timestamp": "2024-12-26 21:15:36",
    "detections": [
        {
            "zone": "centre_gauche",
            "nombre_objets": 3,
            "details_objets": [
                [
                    75000,
                    0,
                    0.3045758903026581
                ],
                [
                    75001,
                    0,
                    0.29265278577804565
                ],
                [
                    75002,
                    0,
                    0.25614112615585327
                ]
            ],
            "confidence_moyenne": 0.284456600745519
        }
    ]
}