{
    "frame_id": 277,
    "timestamp": "2024-12-26 21:19:56",
    "detections": [
        {
            "zone": "centre_droit",
            "nombre_objets": 1,
            "details_objets": [
                [
                    277000,
                    0,
                    0.2776138484477997
                ]
            ],
            "confidence_moyenne": 0.2776138484477997
        },
        {
            "zone": "centre_gauche",
            "nombre_objets": 1,
            "details_objets": [
                [
                    277001,
                    0,
                    0.2590498924255371
                ]
            ],
            "confidence_moyenne": 0.2590498924255371
        }
    ]
}