{
    "frame_id": 137,
    "timestamp": "2024-12-26 21:17:03",
    "detections": [
        {
            "zone": "centre_gauche",
            "nombre_objets": 1,
            "details_objets": [
                [
                    137000,
                    0,
                    0.42632240056991577
                ]
            ],
            "confidence_moyenne": 0.42632240056991577
        },
        {
            "zone": "centre_droit",
            "nombre_objets": 1,
            "details_objets": [
                [
                    137001,
                    0,
                    0.26847314834594727
                ]
            ],
            "confidence_moyenne": 0.26847314834594727
        }
    ]
}