{
    "frame_id": 362,
    "timestamp": "2024-12-26 21:21:32",
    "detections": [
        {
            "zone": "centre_droit",
            "nombre_objets": 2,
            "details_objets": [
                [
                    362000,
                    0,
                    0.47765225172042847
                ],
                [
                    362002,
                    0,
                    0.3364458680152893
                ]
            ],
            "confidence_moyenne": 0.4070490598678589
        },
        {
            "zone": "centre_gauche",
            "nombre_objets": 1,
            "details_objets": [
                [
                    362001,
                    0,
                    0.3716859221458435
                ]
            ],
            "confidence_moyenne": 0.3716859221458435
        }
    ]
}