{
    "frame_id": 420,
    "timestamp": "2024-12-26 21:22:37",
    "detections": [
        {
            "zone": "centre_gauche",
            "nombre_objets": 2,
            "details_objets": [
                [
                    420000,
                    0,
                    0.30722787976264954
                ],
                [
                    420001,
                    0,
                    0.3070954978466034
                ]
            ],
            "confidence_moyenne": 0.30716168880462646
        },
        {
            "zone": "centre_droit",
            "nombre_objets": 1,
            "details_objets": [
                [
                    420002,
                    0,
                    0.28931212425231934
                ]
            ],
            "confidence_moyenne": 0.28931212425231934
        }
    ]
}