{
    "frame_id": 542,
    "timestamp": "2024-12-26 21:24:48",
    "detections": [
        {
            "zone": "centre_gauche",
            "nombre_objets": 3,
            "details_objets": [
                [
                    542001,
                    0,
                    0.2969304919242859
                ],
                [
                    542002,
                    0,
                    0.2957460284233093
                ],
                [
                    542003,
                    0,
                    0.29475435614585876
                ]
            ],
            "confidence_moyenne": 0.2958102921644847
        },
        {
            "zone": "centre_droit",
            "nombre_objets": 1,
            "details_objets": [
                [
                    542000,
                    0,
                    0.3028362989425659
                ]
            ],
            "confidence_moyenne": 0.3028362989425659
        }
    ]
}