{
    "frame_id": 165,
    "timestamp": "2024-12-26 21:17:42",
    "detections": [
        {
            "zone": "centre_gauche",
            "nombre_objets": 2,
            "details_objets": [
                [
                    165000,
                    0,
                    0.3920734226703644
                ],
                [
                    165001,
                    0,
                    0.3122326731681824
                ]
            ],
            "confidence_moyenne": 0.3521530479192734
        }
    ]
}