{
    "frame_id": 114,
    "timestamp": "2024-12-26 21:16:32",
    "detections": [
        {
            "zone": "centre_gauche",
            "nombre_objets": 4,
            "details_objets": [
                [
                    114000,
                    0,
                    0.3607470393180847
                ],
                [
                    114001,
                    0,
                    0.33071425557136536
                ],
                [
                    114002,
                    0,
                    0.3226962983608246
                ],
                [
                    114003,
                    0,
                    0.3099033236503601
                ]
            ],
            "confidence_moyenne": 0.3310152292251587
        }
    ]
}