{
    "frame_id": 51,
    "timestamp": "2024-12-26 21:14:48",
    "detections": [
        {
            "zone": "centre_gauche",
            "nombre_objets": 2,
            "details_objets": [
                [
                    51000,
                    0,
                    0.40483880043029785
                ],
                [
                    51001,
                    0,
                    0.2686617970466614
                ]
            ],
            "confidence_moyenne": 0.3367502987384796
        }
    ]
}