{
    "frame_id": 1,
    "timestamp": "2024-12-26 21:13:06",
    "detections": [
        {
            "zone": "centre_gauche",
            "nombre_objets": 4,
            "details_objets": [
                [
                    1001,
                    0,
                    0.38920390605926514
                ],
                [
                    1004,
                    0,
                    0.32881346344947815
                ],
                [
                    1006,
                    0,
                    0.2967170476913452
                ],
                [
                    1007,
                    0,
                    0.2774108648300171
                ]
            ],
            "confidence_moyenne": 0.3230363205075264
        },
        {
            "zone": "centre_droit",
            "nombre_objets": 4,
            "details_objets": [
                [
                    1000,
                    0,
                    0.4051600992679596
                ],
                [
                    1002,
                    0,
                    0.3720594346523285
                ],
                [
                    1003,
                    0,
                    0.34020164608955383
                ],
                [
                    1009,
                    0,
                    0.2586451470851898
                ]
            ],
            "confidence_moyenne": 0.34401658177375793
        },
        {
            "zone": "gauche",
            "nombre_objets": 1,
            "details_objets": [
                [
                    1005,
                    0,
                    0.31887948513031006
                ]
            ],
            "confidence_moyenne": 0.31887948513031006
        },
        {
            "zone": "droite",
            "nombre_objets": 1,
            "details_objets": [
                [
                    1008,
                    0,
                    0.26065129041671753
                ]
            ],
            "confidence_moyenne": 0.26065129041671753
        }
    ]
}