{
    "frame_id": 154,
    "timestamp": "2024-12-26 21:17:28",
    "detections": [
        {
            "zone": "centre_gauche",
            "nombre_objets": 2,
            "details_objets": [
                [
                    154000,
                    0,
                    0.46430984139442444
                ],
                [
                    154001,
                    0,
                    0.3540194034576416
                ]
            ],
            "confidence_moyenne": 0.409164622426033
        },
        {
            "zone": "centre_droit",
            "nombre_objets": 1,
            "details_objets": [
                [
                    154002,
                    0,
                    0.2686235010623932
                ]
            ],
            "confidence_moyenne": 0.2686235010623932
        }
    ]
}