{
    "frame_id": 480,
    "timestamp": "2024-12-26 21:23:38",
    "detections": [
        {
            "zone": "droite",
            "nombre_objets": 2,
            "details_objets": [
                [
                    480000,
                    0,
                    0.3414113521575928
                ],
                [
                    480001,
                    0,
                    0.29252946376800537
                ]
            ],
            "confidence_moyenne": 0.3169704079627991
        },
        {
            "zone": "centre_gauche",
            "nombre_objets": 1,
            "details_objets": [
                [
                    480002,
                    0,
                    0.28685683012008667
                ]
            ],
            "confidence_moyenne": 0.28685683012008667
        },
        {
            "zone": "centre_droit",
            "nombre_objets": 1,
            "details_objets": [
                [
                    480003,
                    0,
                    0.26757022738456726
                ]
            ],
            "confidence_moyenne": 0.26757022738456726
        }
    ]
}