{
    "frame_id": 416,
    "timestamp": "2024-12-26 21:22:33",
    "detections": [
        {
            "zone": "centre_gauche",
            "nombre_objets": 2,
            "details_objets": [
                [
                    416000,
                    0,
                    0.32597973942756653
                ],
                [
                    416001,
                    0,
                    0.3195558786392212
                ]
            ],
            "confidence_moyenne": 0.32276780903339386
        }
    ]
}