{
    "frame_id": 593,
    "timestamp": "2024-12-26 21:25:45",
    "detections": [
        {
            "zone": "centre_gauche",
            "nombre_objets": 2,
            "details_objets": [
                [
                    593000,
                    0,
                    0.3320314586162567
                ],
                [
                    593002,
                    0,
                    0.29267898201942444
                ]
            ],
            "confidence_moyenne": 0.3123552203178406
        },
        {
            "zone": "droite",
            "nombre_objets": 2,
            "details_objets": [
                [
                    593001,
                    0,
                    0.30791592597961426
                ],
                [
                    593003,
                    0,
                    0.2636708915233612
                ]
            ],
            "confidence_moyenne": 0.28579340875148773
        }
    ]
}