{
    "frame_id": 67,
    "timestamp": "2024-12-26 21:15:20",
    "detections": [
        {
            "zone": "centre_gauche",
            "nombre_objets": 2,
            "details_objets": [
                [
                    67000,
                    0,
                    0.36567023396492004
                ],
                [
                    67001,
                    0,
                    0.25008076429367065
                ]
            ],
            "confidence_moyenne": 0.30787549912929535
        }
    ]
}