{
    "frame_id": 306,
    "timestamp": "2024-12-26 21:20:28",
    "detections": [
        {
            "zone": "centre_droit",
            "nombre_objets": 2,
            "details_objets": [
                [
                    306000,
                    0,
                    0.3486224114894867
                ],
                [
                    306001,
                    0,
                    0.32906392216682434
                ]
            ],
            "confidence_moyenne": 0.3388431668281555
        }
    ]
}