{
    "frame_id": 507,
    "timestamp": "2024-12-26 21:24:08",
    "detections": [
        {
            "zone": "centre_droit",
            "nombre_objets": 1,
            "details_objets": [
                [
                    507000,
                    0,
                    0.3335818350315094
                ]
            ],
            "confidence_moyenne": 0.3335818350315094
        },
        {
            "zone": "centre_gauche",
            "nombre_objets": 2,
            "details_objets": [
                [
                    507001,
                    0,
                    0.30997413396835327
                ],
                [
                    507002,
                    0,
                    0.29964005947113037
                ]
            ],
            "confidence_moyenne": 0.3048070967197418
        }
    ]
}