{
    "frame_id": 544,
    "timestamp": "2024-12-26 21:24:50",
    "detections": [
        {
            "zone": "centre_gauche",
            "nombre_objets": 2,
            "details_objets": [
                [
                    544000,
                    0,
                    0.3107491135597229
                ],
                [
                    544001,
                    0,
                    0.3069215416908264
                ]
            ],
            "confidence_moyenne": 0.30883532762527466
        }
    ]
}