{
    "frame_id": 231,
    "timestamp": "2024-12-26 21:19:07",
    "detections": [
        {
            "zone": "centre_gauche",
            "nombre_objets": 2,
            "details_objets": [
                [
                    231000,
                    0,
                    0.3114200830459595
                ],
                [
                    231001,
                    0,
                    0.28825026750564575
                ]
            ],
            "confidence_moyenne": 0.2998351752758026
        }
    ]
}