{
    "frame_id": 156,
    "timestamp": "2024-12-26 21:17:31",
    "detections": [
        {
            "zone": "centre_gauche",
            "nombre_objets": 2,
            "details_objets": [
                [
                    156000,
                    0,
                    0.4389287531375885
                ],
                [
                    156001,
                    0,
                    0.40200939774513245
                ]
            ],
            "confidence_moyenne": 0.4204690754413605
        }
    ]
}