{
    "frame_id": 12,
    "timestamp": "2024-12-26 21:13:28",
    "detections": [
        {
            "zone": "centre_gauche",
            "nombre_objets": 2,
            "details_objets": [
                [
                    12000,
                    0,
                    0.3372592628002167
                ],
                [
                    12001,
                    0,
                    0.33215051889419556
                ]
            ],
            "confidence_moyenne": 0.3347048908472061
        },
        {
            "zone": "droite",
            "nombre_objets": 1,
            "details_objets": [
                [
                    12002,
                    0,
                    0.26989486813545227
                ]
            ],
            "confidence_moyenne": 0.26989486813545227
        }
    ]
}