{
    "frame_id": 215,
    "timestamp": "2024-12-26 21:18:48",
    "detections": [
        {
            "zone": "centre_gauche",
            "nombre_objets": 2,
            "details_objets": [
                [
                    215000,
                    0,
                    0.3281455636024475
                ],
                [
                    215001,
                    0,
                    0.2917468547821045
                ]
            ],
            "confidence_moyenne": 0.309946209192276
        }
    ]
}