{
    "frame_id": 259,
    "timestamp": "2024-12-26 21:19:36",
    "detections": [
        {
            "zone": "centre_gauche",
            "nombre_objets": 1,
            "details_objets": [
                [
                    259000,
                    0,
                    0.3570868968963623
                ]
            ],
            "confidence_moyenne": 0.3570868968963623
        },
        {
            "zone": "centre_droit",
            "nombre_objets": 1,
            "details_objets": [
                [
                    259001,
                    0,
                    0.25429731607437134
                ]
            ],
            "confidence_moyenne": 0.25429731607437134
        }
    ]
}