{
    "frame_id": 323,
    "timestamp": "2024-12-26 21:20:48",
    "detections": [
        {
            "zone": "centre_droit",
            "nombre_objets": 1,
            "details_objets": [
                [
                    323000,
                    0,
                    0.44453129172325134
                ]
            ],
            "confidence_moyenne": 0.44453129172325134
        },
        {
            "zone": "gauche",
            "nombre_objets": 1,
            "details_objets": [
                [
                    323001,
                    0,
                    0.41527822613716125
                ]
            ],
            "confidence_moyenne": 0.41527822613716125
        },
        {
            "zone": "centre_gauche",
            "nombre_objets": 1,
            "details_objets": [
                [
                    323002,
                    0,
                    0.2531256377696991
                ]
            ],
            "confidence_moyenne": 0.2531256377696991
        }
    ]
}