{
    "frame_id": 228,
    "timestamp": "2024-12-26 21:19:04",
    "detections": [
        {
            "zone": "centre_droit",
            "nombre_objets": 1,
            "details_objets": [
                [
                    228000,
                    0,
                    0.3137015998363495
                ]
            ],
            "confidence_moyenne": 0.3137015998363495
        },
        {
            "zone": "centre_gauche",
            "nombre_objets": 2,
            "details_objets": [
                [
                    228001,
                    0,
                    0.2632847726345062
                ],
                [
                    228002,
                    0,
                    0.25728967785835266
                ]
            ],
            "confidence_moyenne": 0.26028722524642944
        }
    ]
}