{
    "frame_id": 387,
    "timestamp": "2024-12-26 21:22:01",
    "detections": [
        {
            "zone": "centre_droit",
            "nombre_objets": 1,
            "details_objets": [
                [
                    387000,
                    0,
                    0.39434900879859924
                ]
            ],
            "confidence_moyenne": 0.39434900879859924
        },
        {
            "zone": "gauche",
            "nombre_objets": 1,
            "details_objets": [
                [
                    387001,
                    0,
                    0.3784499764442444
                ]
            ],
            "confidence_moyenne": 0.3784499764442444
        },
        {
            "zone": "centre_gauche",
            "nombre_objets": 1,
            "details_objets": [
                [
                    387002,
                    0,
                    0.29463091492652893
                ]
            ],
            "confidence_moyenne": 0.29463091492652893
        }
    ]
}