{
    "frame_id": 574,
    "timestamp": "2024-12-26 21:25:23",
    "detections": [
        {
            "zone": "centre_gauche",
            "nombre_objets": 3,
            "details_objets": [
                [
                    574000,
                    0,
                    0.3796544671058655
                ],
                [
                    574001,
                    0,
                    0.3764641582965851
                ],
                [
                    574002,
                    0,
                    0.3178386688232422
                ]
            ],
            "confidence_moyenne": 0.3579857647418976
        },
        {
            "zone": "centre_droit",
            "nombre_objets": 1,
            "details_objets": [
                [
                    574003,
                    0,
                    0.25963324308395386
                ]
            ],
            "confidence_moyenne": 0.25963324308395386
        }
    ]
}