{
    "frame_id": 69,
    "timestamp": "2024-12-26 21:15:25",
    "detections": [
        {
            "zone": "centre_gauche",
            "nombre_objets": 2,
            "details_objets": [
                [
                    69000,
                    0,
                    0.26631757616996765
                ],
                [
                    69002,
                    0,
                    0.2525900602340698
                ]
            ],
            "confidence_moyenne": 0.25945381820201874
        },
        {
            "zone": "centre_droit",
            "nombre_objets": 1,
            "details_objets": [
                [
                    69001,
                    0,
                    0.2557229697704315
                ]
            ],
            "confidence_moyenne": 0.2557229697704315
        }
    ]
}