{
    "frame_id": 110,
    "timestamp": "2024-12-26 21:16:26",
    "detections": [
        {
            "zone": "centre_gauche",
            "nombre_objets": 3,
            "details_objets": [
                [
                    110000,
                    0,
                    0.4000203311443329
                ],
                [
                    110001,
                    0,
                    0.37080901861190796
                ],
                [
                    110002,
                    0,
                    0.30521151423454285
                ]
            ],
            "confidence_moyenne": 0.3586802879969279
        }
    ]
}