{
    "frame_id": 119,
    "timestamp": "2024-12-26 21:16:38",
    "detections": [
        {
            "zone": "centre_gauche",
            "nombre_objets": 2,
            "details_objets": [
                [
                    119000,
                    0,
                    0.3827592432498932
                ],
                [
                    119001,
                    0,
                    0.3391166627407074
                ]
            ],
            "confidence_moyenne": 0.3609379529953003
        }
    ]
}