{
    "frame_id": 570,
    "timestamp": "2024-12-26 21:25:19",
    "detections": [
        {
            "zone": "centre_gauche",
            "nombre_objets": 4,
            "details_objets": [
                [
                    570000,
                    0,
                    0.3669377565383911
                ],
                [
                    570001,
                    0,
                    0.3480268716812134
                ],
                [
                    570003,
                    0,
                    0.3027391731739044
                ],
                [
                    570004,
                    0,
                    0.29998546838760376
                ]
            ],
            "confidence_moyenne": 0.32942231744527817
        },
        {
            "zone": "droite",
            "nombre_objets": 1,
            "details_objets": [
                [
                    570002,
                    0,
                    0.3204360902309418
                ]
            ],
            "confidence_moyenne": 0.3204360902309418
        }
    ]
}