{
    "frame_id": 382,
    "timestamp": "2024-12-26 21:21:54",
    "detections": [
        {
            "zone": "centre_droit",
            "nombre_objets": 1,
            "details_objets": [
                [
                    382000,
                    0,
                    0.38572797179222107
                ]
            ],
            "confidence_moyenne": 0.38572797179222107
        },
        {
            "zone": "centre_gauche",
            "nombre_objets": 1,
            "details_objets": [
                [
                    382001,
                    0,
                    0.2548789978027344
                ]
            ],
            "confidence_moyenne": 0.2548789978027344
        }
    ]
}