{
    "frame_id": 171,
    "timestamp": "2024-12-26 21:17:51",
    "detections": [
        {
            "zone": "centre_gauche",
            "nombre_objets": 1,
            "details_objets": [
                [
                    171000,
                    0,
                    0.4422028362751007
                ]
            ],
            "confidence_moyenne": 0.4422028362751007
        },
        {
            "zone": "centre_droit",
            "nombre_objets": 1,
            "details_objets": [
                [
                    171001,
                    0,
                    0.3478303849697113
                ]
            ],
            "confidence_moyenne": 0.3478303849697113
        }
    ]
}