{
    "frame_id": 133,
    "timestamp": "2024-12-26 21:16:57",
    "detections": [
        {
            "zone": "centre_gauche",
            "nombre_objets": 3,
            "details_objets": [
                [
                    133000,
                    0,
                    0.3762909173965454
                ],
                [
                    133001,
                    0,
                    0.3389410376548767
                ],
                [
                    133002,
                    0,
                    0.26311227679252625
                ]
            ],
            "confidence_moyenne": 0.3261147439479828
        }
    ]
}