{
    "frame_id": 281,
    "timestamp": "2024-12-26 21:20:02",
    "detections": [
        {
            "zone": "centre_droit",
            "nombre_objets": 2,
            "details_objets": [
                [
                    281000,
                    0,
                    0.3380202054977417
                ],
                [
                    281001,
                    0,
                    0.27227383852005005
                ]
            ],
            "confidence_moyenne": 0.3051470220088959
        }
    ]
}