{
    "frame_id": 565,
    "timestamp": "2024-12-26 21:25:14",
    "detections": [
        {
            "zone": "centre_gauche",
            "nombre_objets": 3,
            "details_objets": [
                [
                    565000,
                    0,
                    0.3638613224029541
                ],
                [
                    565001,
                    0,
                    0.35948067903518677
                ],
                [
                    565002,
                    0,
                    0.27089253067970276
                ]
            ],
            "confidence_moyenne": 0.3314115107059479
        }
    ]
}