{
    "frame_id": 128,
    "timestamp": "2024-12-26 21:16:51",
    "detections": [
        {
            "zone": "centre_gauche",
            "nombre_objets": 3,
            "details_objets": [
                [
                    128000,
                    0,
                    0.36331772804260254
                ],
                [
                    128001,
                    0,
                    0.3190031051635742
                ],
                [
                    128002,
                    0,
                    0.28875571489334106
                ]
            ],
            "confidence_moyenne": 0.3236921826998393
        }
    ]
}