{
    "frame_id": 224,
    "timestamp": "2024-12-26 21:18:58",
    "detections": [
        {
            "zone": "centre_gauche",
            "nombre_objets": 3,
            "details_objets": [
                [
                    224000,
                    0,
                    0.3440189063549042
                ],
                [
                    224002,
                    0,
                    0.3309866189956665
                ],
                [
                    224003,
                    0,
                    0.26491615176200867
                ]
            ],
            "confidence_moyenne": 0.3133072257041931
        },
        {
            "zone": "centre_droit",
            "nombre_objets": 1,
            "details_objets": [
                [
                    224001,
                    0,
                    0.34183770418167114
                ]
            ],
            "confidence_moyenne": 0.34183770418167114
        }
    ]
}