{
    "frame_id": 97,
    "timestamp": "2024-12-26 21:16:08",
    "detections": [
        {
            "zone": "centre_gauche",
            "nombre_objets": 3,
            "details_objets": [
                [
                    97000,
                    0,
                    0.3600277006626129
                ],
                [
                    97001,
                    0,
                    0.3204362988471985
                ],
                [
                    97002,
                    0,
                    0.26519906520843506
                ]
            ],
            "confidence_moyenne": 0.31522102157274884
        }
    ]
}