{
    "frame_id": 488,
    "timestamp": "2024-12-26 21:23:48",
    "detections": [
        {
            "zone": "centre_gauche",
            "nombre_objets": 2,
            "details_objets": [
                [
                    488000,
                    0,
                    0.34020647406578064
                ],
                [
                    488001,
                    0,
                    0.30744296312332153
                ]
            ],
            "confidence_moyenne": 0.3238247185945511
        }
    ]
}