{
    "frame_id": 125,
    "timestamp": "2024-12-26 21:16:47",
    "detections": [
        {
            "zone": "centre_gauche",
            "nombre_objets": 3,
            "details_objets": [
                [
                    125000,
                    0,
                    0.400339275598526
                ],
                [
                    125001,
                    0,
                    0.3121943473815918
                ],
                [
                    125002,
                    0,
                    0.30211031436920166
                ]
            ],
            "confidence_moyenne": 0.3382146457831065
        }
    ]
}