{
    "frame_id": 318,
    "timestamp": "2024-12-26 21:20:41",
    "detections": [
        {
            "zone": "centre_droit",
            "nombre_objets": 1,
            "details_objets": [
                [
                    318000,
                    0,
                    0.4288314878940582
                ]
            ],
            "confidence_moyenne": 0.4288314878940582
        },
        {
            "zone": "gauche",
            "nombre_objets": 1,
            "details_objets": [
                [
                    318002,
                    0,
                    0.26855412125587463
                ]
            ],
            "confidence_moyenne": 0.26855412125587463
        },
        {
            "zone": "droite",
            "nombre_objets": 1,
            "details_objets": [
                [
                    318001,
                    0,
                    0.2937677204608917
                ]
            ],
            "confidence_moyenne": 0.2937677204608917
        }
    ]
}