{
    "frame_id": 46,
    "timestamp": "2024-12-26 21:14:37",
    "detections": [
        {
            "zone": "centre_gauche",
            "nombre_objets": 3,
            "details_objets": [
                [
                    46000,
                    0,
                    0.4014259874820709
                ],
                [
                    46001,
                    0,
                    0.36498498916625977
                ],
                [
                    46002,
                    0,
                    0.279445618391037
                ]
            ],
            "confidence_moyenne": 0.34861886501312256
        }
    ]
}