{
    "frame_id": 131,
    "timestamp": "2024-12-26 21:16:54",
    "detections": [
        {
            "zone": "centre_gauche",
            "nombre_objets": 2,
            "details_objets": [
                [
                    131000,
                    0,
                    0.38735565543174744
                ],
                [
                    131001,
                    0,
                    0.3462224304676056
                ]
            ],
            "confidence_moyenne": 0.3667890429496765
        }
    ]
}