{
    "frame_id": 219,
    "timestamp": "2024-12-26 21:18:53",
    "detections": [
        {
            "zone": "centre_gauche",
            "nombre_objets": 3,
            "details_objets": [
                [
                    219000,
                    0,
                    0.3731986880302429
                ],
                [
                    219001,
                    0,
                    0.3648510277271271
                ],
                [
                    219002,
                    0,
                    0.29379573464393616
                ]
            ],
            "confidence_moyenne": 0.34394848346710205
        }
    ]
}