{
    "frame_id": 538,
    "timestamp": "2024-12-26 21:24:43",
    "detections": [
        {
            "zone": "centre_droit",
            "nombre_objets": 1,
            "details_objets": [
                [
                    538000,
                    0,
                    0.3671721816062927
                ]
            ],
            "confidence_moyenne": 0.3671721816062927
        },
        {
            "zone": "droite",
            "nombre_objets": 1,
            "details_objets": [
                [
                    538001,
                    0,
                    0.366825670003891
                ]
            ],
            "confidence_moyenne": 0.366825670003891
        },
        {
            "zone": "centre_gauche",
            "nombre_objets": 3,
            "details_objets": [
                [
                    538002,
                    0,
                    0.35023146867752075
                ],
                [
                    538003,
                    0,
                    0.3433116674423218
                ],
                [
                    538004,
                    0,
                    0.3252824544906616
                ]
            ],
            "confidence_moyenne": 0.3396085302035014
        }
    ]
}