{
    "frame_id": 54,
    "timestamp": "2024-12-26 21:14:53",
    "detections": [
        {
            "zone": "centre_gauche",
            "nombre_objets": 2,
            "details_objets": [
                [
                    54000,
                    0,
                    0.3941331207752228
                ],
                [
                    54001,
                    0,
                    0.29255422949790955
                ]
            ],
            "confidence_moyenne": 0.34334367513656616
        }
    ]
}