{
    "frame_id": 546,
    "timestamp": "2024-12-26 21:24:52",
    "detections": [
        {
            "zone": "centre_gauche",
            "nombre_objets": 2,
            "details_objets": [
                [
                    546000,
                    0,
                    0.3510874807834625
                ],
                [
                    546003,
                    0,
                    0.27191486954689026
                ]
            ],
            "confidence_moyenne": 0.3115011751651764
        },
        {
            "zone": "droite",
            "nombre_objets": 2,
            "details_objets": [
                [
                    546001,
                    0,
                    0.29727739095687866
                ],
                [
                    546004,
                    0,
                    0.26277318596839905
                ]
            ],
            "confidence_moyenne": 0.28002528846263885
        },
        {
            "zone": "centre_droit",
            "nombre_objets": 1,
            "details_objets": [
                [
                    546002,
                    0,
                    0.2746705710887909
                ]
            ],
            "confidence_moyenne": 0.2746705710887909
        }
    ]
}