{
    "frame_id": 599,
    "timestamp": "2024-12-26 21:25:51",
    "detections": [
        {
            "zone": "centre_gauche",
            "nombre_objets": 3,
            "details_objets": [
                [
                    599000,
                    0,
                    0.3216789662837982
                ],
                [
                    599001,
                    0,
                    0.29217880964279175
                ],
                [
                    599002,
                    0,
                    0.2701440751552582
                ]
            ],
            "confidence_moyenne": 0.2946672836939494
        }
    ]
}