{
    "frame_id": 369,
    "timestamp": "2024-12-26 21:21:39",
    "detections": [
        {
            "zone": "centre_droit",
            "nombre_objets": 2,
            "details_objets": [
                [
                    369000,
                    0,
                    0.46426549553871155
                ],
                [
                    369001,
                    0,
                    0.3422950506210327
                ]
            ],
            "confidence_moyenne": 0.40328027307987213
        }
    ]
}