{
    "frame_id": 48,
    "timestamp": "2024-12-26 21:14:41",
    "detections": [
        {
            "zone": "centre_gauche",
            "nombre_objets": 2,
            "details_objets": [
                [
                    48000,
                    0,
                    0.3957803249359131
                ],
                [
                    48001,
                    0,
                    0.3276814818382263
                ]
            ],
            "confidence_moyenne": 0.3617309033870697
        }
    ]
}