{
    "frame_id": 569,
    "timestamp": "2024-12-26 21:25:18",
    "detections": [
        {
            "zone": "centre_gauche",
            "nombre_objets": 4,
            "details_objets": [
                [
                    569000,
                    0,
                    0.3730991780757904
                ],
                [
                    569001,
                    0,
                    0.3451649248600006
                ],
                [
                    569002,
                    0,
                    0.32474184036254883
                ],
                [
                    569003,
                    0,
                    0.2996997833251953
                ]
            ],
            "confidence_moyenne": 0.3356764316558838
        },
        {
            "zone": "droite",
            "nombre_objets": 1,
            "details_objets": [
                [
                    569004,
                    0,
                    0.2931210696697235
                ]
            ],
            "confidence_moyenne": 0.2931210696697235
        }
    ]
}