{
    "frame_id": 397,
    "timestamp": "2024-12-26 21:22:11",
    "detections": [
        {
            "zone": "centre_gauche",
            "nombre_objets": 3,
            "details_objets": [
                [
                    397001,
                    0,
                    0.37290558218955994
                ],
                [
                    397002,
                    0,
                    0.3295425474643707
                ],
                [
                    397004,
                    0,
                    0.2985973060131073
                ]
            ],
            "confidence_moyenne": 0.33368181188901264
        },
        {
            "zone": "centre_droit",
            "nombre_objets": 1,
            "details_objets": [
                [
                    397000,
                    0,
                    0.40328648686408997
                ]
            ],
            "confidence_moyenne": 0.40328648686408997
        },
        {
            "zone": "gauche",
            "nombre_objets": 1,
            "details_objets": [
                [
                    397003,
                    0,
                    0.3065519630908966
                ]
            ],
            "confidence_moyenne": 0.3065519630908966
        }
    ]
}