{
    "frame_id": 109,
    "timestamp": "2024-12-26 21:16:25",
    "detections": [
        {
            "zone": "centre_gauche",
            "nombre_objets": 3,
            "details_objets": [
                [
                    109000,
                    0,
                    0.41442766785621643
                ],
                [
                    109001,
                    0,
                    0.35674214363098145
                ],
                [
                    109002,
                    0,
                    0.29692342877388
                ]
            ],
            "confidence_moyenne": 0.35603108008702594
        }
    ]
}