{
    "frame_id": 217,
    "timestamp": "2024-12-26 21:18:51",
    "detections": [
        {
            "zone": "centre_gauche",
            "nombre_objets": 2,
            "details_objets": [
                [
                    217000,
                    0,
                    0.29987797141075134
                ],
                [
                    217001,
                    0,
                    0.2930314242839813
                ]
            ],
            "confidence_moyenne": 0.29645469784736633
        }
    ]
}