{
    "frame_id": 184,
    "timestamp": "2024-12-26 21:18:08",
    "detections": [
        {
            "zone": "centre_gauche",
            "nombre_objets": 3,
            "details_objets": [
                [
                    184000,
                    0,
                    0.44020965695381165
                ],
                [
                    184001,
                    0,
                    0.31731516122817993
                ],
                [
                    184002,
                    0,
                    0.3103836178779602
                ]
            ],
            "confidence_moyenne": 0.3559694786866506
        }
    ]
}