{
    "frame_id": 435,
    "timestamp": "2024-12-26 21:22:53",
    "detections": [
        {
            "zone": "centre_gauche",
            "nombre_objets": 2,
            "details_objets": [
                [
                    435000,
                    0,
                    0.3869580328464508
                ],
                [
                    435001,
                    0,
                    0.2988121807575226
                ]
            ],
            "confidence_moyenne": 0.3428851068019867
        },
        {
            "zone": "centre_droit",
            "nombre_objets": 1,
            "details_objets": [
                [
                    435002,
                    0,
                    0.29846489429473877
                ]
            ],
            "confidence_moyenne": 0.29846489429473877
        }
    ]
}