{
    "frame_id": 111,
    "timestamp": "2024-12-26 21:16:27",
    "detections": [
        {
            "zone": "centre_gauche",
            "nombre_objets": 2,
            "details_objets": [
                [
                    111000,
                    0,
                    0.34269359707832336
                ],
                [
                    111001,
                    0,
                    0.31591102480888367
                ]
            ],
            "confidence_moyenne": 0.3293023109436035
        }
    ]
}