{
    "frame_id": 11,
    "timestamp": "2024-12-26 21:13:26",
    "detections": [
        {
            "zone": "centre_gauche",
            "nombre_objets": 3,
            "details_objets": [
                [
                    11000,
                    0,
                    0.3408240079879761
                ],
                [
                    11001,
                    0,
                    0.3289494812488556
                ],
                [
                    11003,
                    0,
                    0.28885743021965027
                ]
            ],
            "confidence_moyenne": 0.31954363981882733
        },
        {
            "zone": "droite",
            "nombre_objets": 1,
            "details_objets": [
                [
                    11002,
                    0,
                    0.29234766960144043
                ]
            ],
            "confidence_moyenne": 0.29234766960144043
        }
    ]
}