{
    "frame_id": 102,
    "timestamp": "2024-12-26 21:16:14",
    "detections": [
        {
            "zone": "centre_gauche",
            "nombre_objets": 4,
            "details_objets": [
                [
                    102000,
                    0,
                    0.3993928134441376
                ],
                [
                    102001,
                    0,
                    0.3195987939834595
                ],
                [
                    102002,
                    0,
                    0.3035111129283905
                ],
                [
                    102003,
                    0,
                    0.2755415737628937
                ]
            ],
            "confidence_moyenne": 0.3245110735297203
        }
    ]
}