{
    "frame_id": 212,
    "timestamp": "2024-12-26 21:18:44",
    "detections": [
        {
            "zone": "centre_gauche",
            "nombre_objets": 3,
            "details_objets": [
                [
                    212000,
                    0,
                    0.3620281219482422
                ],
                [
                    212001,
                    0,
                    0.34822720289230347
                ],
                [
                    212002,
                    0,
                    0.29898759722709656
                ]
            ],
            "confidence_moyenne": 0.33641430735588074
        }
    ]
}