{
    "frame_id": 513,
    "timestamp": "2024-12-26 21:24:16",
    "detections": [
        {
            "zone": "centre_gauche",
            "nombre_objets": 5,
            "details_objets": [
                [
                    513000,
                    0,
                    0.3526601195335388
                ],
                [
                    513004,
                    0,
                    0.2990477681159973
                ],
                [
                    513005,
                    0,
                    0.283791184425354
                ],
                [
                    513007,
                    0,
                    0.25953274965286255
                ],
                [
                    513008,
                    0,
                    0.2584083080291748
                ]
            ],
            "confidence_moyenne": 0.2906880259513855
        },
        {
            "zone": "centre_droit",
            "nombre_objets": 2,
            "details_objets": [
                [
                    513002,
                    0,
                    0.31335997581481934
                ],
                [
                    513003,
                    0,
                    0.3072236478328705
                ]
            ],
            "confidence_moyenne": 0.3102918118238449
        },
        {
            "zone": "droite",
            "nombre_objets": 2,
            "details_objets": [
                [
                    513001,
                    0,
                    0.3157811462879181
                ],
                [
                    513006,
                    0,
                    0.27916204929351807
                ]
            ],
            "confidence_moyenne": 0.2974715977907181
        }
    ]
}