{
    "frame_id": 525,
    "timestamp": "2024-12-26 21:24:29",
    "detections": [
        {
            "zone": "centre_gauche",
            "nombre_objets": 3,
            "details_objets": [
                [
                    525001,
                    0,
                    0.3783144950866699
                ],
                [
                    525002,
                    0,
                    0.3634926378726959
                ],
                [
                    525003,
                    0,
                    0.275435209274292
                ]
            ],
            "confidence_moyenne": 0.3390807807445526
        },
        {
            "zone": "centre_droit",
            "nombre_objets": 1,
            "details_objets": [
                [
                    525000,
                    0,
                    0.38224464654922485
                ]
            ],
            "confidence_moyenne": 0.38224464654922485
        }
    ]
}