{
    "frame_id": 597,
    "timestamp": "2024-12-26 21:25:49",
    "detections": [
        {
            "zone": "centre_gauche",
            "nombre_objets": 5,
            "details_objets": [
                [
                    597000,
                    0,
                    0.3268531262874603
                ],
                [
                    597001,
                    0,
                    0.3193468451499939
                ],
                [
                    597002,
                    0,
                    0.30285578966140747
                ],
                [
                    597003,
                    0,
                    0.2990880608558655
                ],
                [
                    597004,
                    0,
                    0.2770226299762726
                ]
            ],
            "confidence_moyenne": 0.3050332903862
        }
    ]
}