{
    "frame_id": 32,
    "timestamp": "2024-12-26 21:14:08",
    "detections": [
        {
            "zone": "centre_gauche",
            "nombre_objets": 2,
            "details_objets": [
                [
                    32000,
                    0,
                    0.364414781332016
                ],
                [
                    32001,
                    0,
                    0.2718515694141388
                ]
            ],
            "confidence_moyenne": 0.3181331753730774
        }
    ]
}