{
    "frame_id": 0,
    "timestamp": "2024-12-26 21:13:00",
    "detections": [
        {
            "zone": "centre_gauche",
            "nombre_objets": 4,
            "details_objets": [
                [
                    2,
                    0,
                    0.3765222132205963
                ],
                [
                    4,
                    0,
                    0.3300803601741791
                ],
                [
                    5,
                    0,
                    0.31279462575912476
                ],
                [
                    8,
                    0,
                    0.28807297348976135
                ]
            ],
            "confidence_moyenne": 0.3268675431609154
        },
        {
            "zone": "centre_droit",
            "nombre_objets": 4,
            "details_objets": [
                [
                    0,
                    0,
                    0.41161951422691345
                ],
                [
                    1,
                    0,
                    0.3810885548591614
                ],
                [
                    3,
                    0,
                    0.34591370820999146
                ],
                [
                    9,
                    0,
                    0.25183600187301636
                ]
            ],
            "confidence_moyenne": 0.34761444479227066
        },
        {
            "zone": "gauche",
            "nombre_objets": 1,
            "details_objets": [
                [
                    7,
                    0,
                    0.2901255488395691
                ]
            ],
            "confidence_moyenne": 0.2901255488395691
        },
        {
            "zone": "droite",
            "nombre_objets": 1,
            "details_objets": [
                [
                    6,
                    0,
                    0.30946293473243713
                ]
            ],
            "confidence_moyenne": 0.30946293473243713
        }
    ]
}