{
    "frame_id": 485,
    "timestamp": "2024-12-26 21:23:45",
    "detections": [
        {
            "zone": "centre_gauche",
            "nombre_objets": 2,
            "details_objets": [
                [
                    485000,
                    0,
                    0.3157944083213806
                ],
                [
                    485001,
                    0,
                    0.2800087332725525
                ]
            ],
            "confidence_moyenne": 0.29790157079696655
        }
    ]
}