{
    "frame_id": 309,
    "timestamp": "2024-12-26 21:20:32",
    "detections": [
        {
            "zone": "centre_droit",
            "nombre_objets": 1,
            "details_objets": [
                [
                    309000,
                    0,
                    0.27487725019454956
                ]
            ],
            "confidence_moyenne": 0.27487725019454956
        },
        {
            "zone": "gauche",
            "nombre_objets": 1,
            "details_objets": [
                [
                    309001,
                    0,
                    0.271543949842453
                ]
            ],
            "confidence_moyenne": 0.271543949842453
        }
    ]
}