{
    "frame_id": 436,
    "timestamp": "2024-12-26 21:22:55",
    "detections": [
        {
            "zone": "centre_gauche",
            "nombre_objets": 2,
            "details_objets": [
                [
                    436000,
                    0,
                    0.3941359519958496
                ],
                [
                    436001,
                    0,
                    0.35658878087997437
                ]
            ],
            "confidence_moyenne": 0.375362366437912
        },
        {
            "zone": "droite",
            "nombre_objets": 1,
            "details_objets": [
                [
                    436002,
                    0,
                    0.3114892542362213
                ]
            ],
            "confidence_moyenne": 0.3114892542362213
        }
    ]
}