{
    "frame_id": 423,
    "timestamp": "2024-12-26 21:22:40",
    "detections": [
        {
            "zone": "centre_droit",
            "nombre_objets": 1,
            "details_objets": [
                [
                    423000,
                    0,
                    0.4145846664905548
                ]
            ],
            "confidence_moyenne": 0.4145846664905548
        },
        {
            "zone": "centre_gauche",
            "nombre_objets": 1,
            "details_objets": [
                [
                    423001,
                    0,
                    0.40320825576782227
                ]
            ],
            "confidence_moyenne": 0.40320825576782227
        },
        {
            "zone": "droite",
            "nombre_objets": 1,
            "details_objets": [
                [
                    423002,
                    0,
                    0.30252283811569214
                ]
            ],
            "confidence_moyenne": 0.30252283811569214
        }
    ]
}