{
    "frame_id": 35,
    "timestamp": "2024-12-26 21:14:14",
    "detections": [
        {
            "zone": "centre_gauche",
            "nombre_objets": 2,
            "details_objets": [
                [
                    35000,
                    0,
                    0.3488502502441406
                ],
                [
                    35001,
                    0,
                    0.3345755636692047
                ]
            ],
            "confidence_moyenne": 0.34171290695667267
        }
    ]
}