{
    "frame_id": 537,
    "timestamp": "2024-12-26 21:24:42",
    "detections": [
        {
            "zone": "centre_gauche",
            "nombre_objets": 3,
            "details_objets": [
                [
                    537001,
                    0,
                    0.35365983843803406
                ],
                [
                    537003,
                    0,
                    0.2980949282646179
                ],
                [
                    537004,
                    0,
                    0.268446147441864
                ]
            ],
            "confidence_moyenne": 0.306733638048172
        },
        {
            "zone": "droite",
            "nombre_objets": 1,
            "details_objets": [
                [
                    537000,
                    0,
                    0.37313276529312134
                ]
            ],
            "confidence_moyenne": 0.37313276529312134
        },
        {
            "zone": "centre_droit",
            "nombre_objets": 1,
            "details_objets": [
                [
                    537002,
                    0,
                    0.34199845790863037
                ]
            ],
            "confidence_moyenne": 0.34199845790863037
        }
    ]
}