{
    "frame_id": 566,
    "timestamp": "2024-12-26 21:25:15",
    "detections": [
        {
            "zone": "centre_gauche",
            "nombre_objets": 2,
            "details_objets": [
                [
                    566000,
                    0,
                    0.3481827974319458
                ],
                [
                    566001,
                    0,
                    0.3342656195163727
                ]
            ],
            "confidence_moyenne": 0.34122420847415924
        },
        {
            "zone": "droite",
            "nombre_objets": 1,
            "details_objets": [
                [
                    566002,
                    0,
                    0.2547866702079773
                ]
            ],
            "confidence_moyenne": 0.2547866702079773
        }
    ]
}