{
    "frame_id": 578,
    "timestamp": "2024-12-26 21:25:28",
    "detections": [
        {
            "zone": "centre_gauche",
            "nombre_objets": 5,
            "details_objets": [
                [
                    578000,
                    0,
                    0.4080834686756134
                ],
                [
                    578001,
                    0,
                    0.37901607155799866
                ],
                [
                    578002,
                    0,
                    0.35184451937675476
                ],
                [
                    578004,
                    0,
                    0.295770525932312
                ],
                [
                    578005,
                    0,
                    0.26883018016815186
                ]
            ],
            "confidence_moyenne": 0.34070895314216615
        },
        {
            "zone": "centre_droit",
            "nombre_objets": 1,
            "details_objets": [
                [
                    578006,
                    0,
                    0.26241534948349
                ]
            ],
            "confidence_moyenne": 0.26241534948349
        },
        {
            "zone": "droite",
            "nombre_objets": 1,
            "details_objets": [
                [
                    578003,
                    0,
                    0.33201029896736145
                ]
            ],
            "confidence_moyenne": 0.33201029896736145
        }
    ]
}