{
    "frame_id": 545,
    "timestamp": "2024-12-26 21:24:51",
    "detections": [
        {
            "zone": "centre_gauche",
            "nombre_objets": 2,
            "details_objets": [
                [
                    545001,
                    0,
                    0.34315061569213867
                ],
                [
                    545003,
                    0,
                    0.2617582380771637
                ]
            ],
            "confidence_moyenne": 0.3024544268846512
        },
        {
            "zone": "centre_droit",
            "nombre_objets": 1,
            "details_objets": [
                [
                    545000,
                    0,
                    0.3510100245475769
                ]
            ],
            "confidence_moyenne": 0.3510100245475769
        },
        {
            "zone": "droite",
            "nombre_objets": 1,
            "details_objets": [
                [
                    545002,
                    0,
                    0.2904319763183594
                ]
            ],
            "confidence_moyenne": 0.2904319763183594
        }
    ]
}