{
    "frame_id": 524,
    "timestamp": "2024-12-26 21:24:28",
    "detections": [
        {
            "zone": "centre_gauche",
            "nombre_objets": 3,
            "details_objets": [
                [
                    524001,
                    0,
                    0.36402758955955505
                ],
                [
                    524003,
                    0,
                    0.31820783019065857
                ],
                [
                    524004,
                    0,
                    0.2759244740009308
                ]
            ],
            "confidence_moyenne": 0.31938663125038147
        },
        {
            "zone": "centre_droit",
            "nombre_objets": 2,
            "details_objets": [
                [
                    524000,
                    0,
                    0.4254125654697418
                ],
                [
                    524005,
                    0,
                    0.25961196422576904
                ]
            ],
            "confidence_moyenne": 0.34251226484775543
        },
        {
            "zone": "droite",
            "nombre_objets": 1,
            "details_objets": [
                [
                    524002,
                    0,
                    0.3217001259326935
                ]
            ],
            "confidence_moyenne": 0.3217001259326935
        }
    ]
}