{
    "frame_id": 211,
    "timestamp": "2024-12-26 21:18:43",
    "detections": [
        {
            "zone": "centre_gauche",
            "nombre_objets": 3,
            "details_objets": [
                [
                    211000,
                    0,
                    0.40866225957870483
                ],
                [
                    211001,
                    0,
                    0.3354673683643341
                ],
                [
                    211002,
                    0,
                    0.3241710364818573
                ]
            ],
            "confidence_moyenne": 0.3561002214749654
        }
    ]
}