{
    "frame_id": 62,
    "timestamp": "2024-12-26 21:15:11",
    "detections": [
        {
            "zone": "centre_gauche",
            "nombre_objets": 3,
            "details_objets": [
                [
                    62000,
                    0,
                    0.329091340303421
                ],
                [
                    62001,
                    0,
                    0.3141089379787445
                ],
                [
                    62002,
                    0,
                    0.29743388295173645
                ]
            ],
            "confidence_moyenne": 0.31354472041130066
        },
        {
            "zone": "centre_droit",
            "nombre_objets": 1,
            "details_objets": [
                [
                    62003,
                    0,
                    0.286409467458725
                ]
            ],
            "confidence_moyenne": 0.286409467458725
        }
    ]
}