{
    "frame_id": 157,
    "timestamp": "2024-12-26 21:17:33",
    "detections": [
        {
            "zone": "centre_gauche",
            "nombre_objets": 2,
            "details_objets": [
                [
                    157000,
                    0,
                    0.4446099102497101
                ],
                [
                    157001,
                    0,
                    0.3908364176750183
                ]
            ],
            "confidence_moyenne": 0.4177231639623642
        }
    ]
}