{
    "frame_id": 52,
    "timestamp": "2024-12-26 21:14:49",
    "detections": [
        {
            "zone": "centre_gauche",
            "nombre_objets": 2,
            "details_objets": [
                [
                    52000,
                    0,
                    0.39407142996788025
                ],
                [
                    52001,
                    0,
                    0.28541722893714905
                ]
            ],
            "confidence_moyenne": 0.33974432945251465
        }
    ]
}