{
    "frame_id": 395,
    "timestamp": "2024-12-26 21:22:09",
    "detections": [
        {
            "zone": "centre_droit",
            "nombre_objets": 1,
            "details_objets": [
                [
                    395000,
                    0,
                    0.39482688903808594
                ]
            ],
            "confidence_moyenne": 0.39482688903808594
        },
        {
            "zone": "centre_gauche",
            "nombre_objets": 1,
            "details_objets": [
                [
                    395001,
                    0,
                    0.3557419180870056
                ]
            ],
            "confidence_moyenne": 0.3557419180870056
        }
    ]
}