{
    "frame_id": 411,
    "timestamp": "2024-12-26 21:22:27",
    "detections": [
        {
            "zone": "centre_gauche",
            "nombre_objets": 1,
            "details_objets": [
                [
                    411000,
                    0,
                    0.41372838616371155
                ]
            ],
            "confidence_moyenne": 0.41372838616371155
        },
        {
            "zone": "centre_droit",
            "nombre_objets": 1,
            "details_objets": [
                [
                    411001,
                    0,
                    0.27812233567237854
                ]
            ],
            "confidence_moyenne": 0.27812233567237854
        }
    ]
}