{
    "frame_id": 88,
    "timestamp": "2024-12-26 21:15:56",
    "detections": [
        {
            "zone": "centre_gauche",
            "nombre_objets": 3,
            "details_objets": [
                [
                    88000,
                    0,
                    0.4020058214664459
                ],
                [
                    88001,
                    0,
                    0.29200002551078796
                ],
                [
                    88003,
                    0,
                    0.2673645615577698
                ]
            ],
            "confidence_moyenne": 0.3204568028450012
        },
        {
            "zone": "droite",
            "nombre_objets": 1,
            "details_objets": [
                [
                    88002,
                    0,
                    0.2816608250141144
                ]
            ],
            "confidence_moyenne": 0.2816608250141144
        }
    ]
}