{
    "frame_id": 383,
    "timestamp": "2024-12-26 21:21:55",
    "detections": [
        {
            "zone": "gauche",
            "nombre_objets": 2,
            "details_objets": [
                [
                    383001,
                    0,
                    0.28250935673713684
                ],
                [
                    383003,
                    0,
                    0.26500552892684937
                ]
            ],
            "confidence_moyenne": 0.2737574428319931
        },
        {
            "zone": "centre_droit",
            "nombre_objets": 1,
            "details_objets": [
                [
                    383000,
                    0,
                    0.3729541301727295
                ]
            ],
            "confidence_moyenne": 0.3729541301727295
        },
        {
            "zone": "centre_gauche",
            "nombre_objets": 1,
            "details_objets": [
                [
                    383002,
                    0,
                    0.268178254365921
                ]
            ],
            "confidence_moyenne": 0.268178254365921
        }
    ]
}