{
    "frame_id": 36,
    "timestamp": "2024-12-26 21:14:16",
    "detections": [
        {
            "zone": "centre_gauche",
            "nombre_objets": 5,
            "details_objets": [
                [
                    36000,
                    0,
                    0.39192861318588257
                ],
                [
                    36001,
                    0,
                    0.3830471336841583
                ],
                [
                    36002,
                    0,
                    0.3405466377735138
                ],
                [
                    36003,
                    0,
                    0.290330708026886
                ],
                [
                    36004,
                    0,
                    0.27833932638168335
                ]
            ],
            "confidence_moyenne": 0.3368384838104248
        }
    ]
}