{
    "frame_id": 276,
    "timestamp": "2024-12-26 21:19:55",
    "detections": [
        {
            "zone": "droite",
            "nombre_objets": 1,
            "details_objets": [
                [
                    276000,
                    0,
                    0.3186299502849579
                ]
            ],
            "confidence_moyenne": 0.3186299502849579
        },
        {
            "zone": "centre_droit",
            "nombre_objets": 2,
            "details_objets": [
                [
                    276001,
                    0,
                    0.27422547340393066
                ],
                [
                    276002,
                    0,
                    0.25345584750175476
                ]
            ],
            "confidence_moyenne": 0.2638406604528427
        }
    ]
}