{
    "frame_id": 342,
    "timestamp": "2024-12-26 21:21:09",
    "detections": [
        {
            "zone": "centre_droit",
            "nombre_objets": 2,
            "details_objets": [
                [
                    342000,
                    0,
                    0.4085269868373871
                ],
                [
                    342002,
                    0,
                    0.26593413949012756
                ]
            ],
            "confidence_moyenne": 0.3372305631637573
        },
        {
            "zone": "gauche",
            "nombre_objets": 1,
            "details_objets": [
                [
                    342001,
                    0,
                    0.35824692249298096
                ]
            ],
            "confidence_moyenne": 0.35824692249298096
        }
    ]
}