{
    "frame_id": 419,
    "timestamp": "2024-12-26 21:22:36",
    "detections": [
        {
            "zone": "centre_gauche",
            "nombre_objets": 2,
            "details_objets": [
                [
                    419000,
                    0,
                    0.3357522785663605
                ],
                [
                    419002,
                    0,
                    0.27819520235061646
                ]
            ],
            "confidence_moyenne": 0.30697374045848846
        },
        {
            "zone": "centre_droit",
            "nombre_objets": 1,
            "details_objets": [
                [
                    419001,
                    0,
                    0.3103749752044678
                ]
            ],
            "confidence_moyenne": 0.3103749752044678
        }
    ]
}