{
    "frame_id": 429,
    "timestamp": "2024-12-26 21:22:47",
    "detections": [
        {
            "zone": "centre_gauche",
            "nombre_objets": 1,
            "details_objets": [
                [
                    429000,
                    0,
                    0.4065861701965332
                ]
            ],
            "confidence_moyenne": 0.4065861701965332
        },
        {
            "zone": "centre_droit",
            "nombre_objets": 1,
            "details_objets": [
                [
                    429001,
                    0,
                    0.32457709312438965
                ]
            ],
            "confidence_moyenne": 0.32457709312438965
        },
        {
            "zone": "droite",
            "nombre_objets": 1,
            "details_objets": [
                [
                    429002,
                    0,
                    0.2535017728805542
                ]
            ],
            "confidence_moyenne": 0.2535017728805542
        }
    ]
}