{
    "frame_id": 505,
    "timestamp": "2024-12-26 21:24:06",
    "detections": [
        {
            "zone": "centre_gauche",
            "nombre_objets": 4,
            "details_objets": [
                [
                    505000,
                    0,
                    0.344774454832077
                ],
                [
                    505001,
                    0,
                    0.30314409732818604
                ],
                [
                    505002,
                    0,
                    0.2890453338623047
                ],
                [
                    505003,
                    0,
                    0.28580161929130554
                ]
            ],
            "confidence_moyenne": 0.3056913763284683
        },
        {
            "zone": "centre_droit",
            "nombre_objets": 1,
            "details_objets": [
                [
                    505004,
                    0,
                    0.27417296171188354
                ]
            ],
            "confidence_moyenne": 0.27417296171188354
        },
        {
            "zone": "droite",
            "nombre_objets": 1,
            "details_objets": [
                [
                    505005,
                    0,
                    0.26760390400886536
                ]
            ],
            "confidence_moyenne": 0.26760390400886536
        }
    ]
}