{
    "frame_id": 412,
    "timestamp": "2024-12-26 21:22:28",
    "detections": [
        {
            "zone": "centre_gauche",
            "nombre_objets": 1,
            "details_objets": [
                [
                    412000,
                    0,
                    0.3460710942745209
                ]
            ],
            "confidence_moyenne": 0.3460710942745209
        },
        {
            "zone": "centre_droit",
            "nombre_objets": 1,
            "details_objets": [
                [
                    412001,
                    0,
                    0.27533993124961853
                ]
            ],
            "confidence_moyenne": 0.27533993124961853
        }
    ]
}