{
    "frame_id": 294,
    "timestamp": "2024-12-26 21:20:17",
    "detections": [
        {
            "zone": "centre_droit",
            "nombre_objets": 2,
            "details_objets": [
                [
                    294000,
                    0,
                    0.39756736159324646
                ],
                [
                    294001,
                    0,
                    0.30318209528923035
                ]
            ],
            "confidence_moyenne": 0.3503747284412384
        }
    ]
}