{
    "frame_id": 204,
    "timestamp": "2024-12-26 21:18:35",
    "detections": [
        {
            "zone": "centre_gauche",
            "nombre_objets": 2,
            "details_objets": [
                [
                    204000,
                    0,
                    0.44094550609588623
                ],
                [
                    204001,
                    0,
                    0.296457439661026
                ]
            ],
            "confidence_moyenne": 0.3687014728784561
        }
    ]
}