{
    "frame_id": 521,
    "timestamp": "2024-12-26 21:24:24",
    "detections": [
        {
            "zone": "centre_gauche",
            "nombre_objets": 5,
            "details_objets": [
                [
                    521000,
                    0,
                    0.3364177942276001
                ],
                [
                    521001,
                    0,
                    0.3339948356151581
                ],
                [
                    521002,
                    0,
                    0.30755922198295593
                ],
                [
                    521003,
                    0,
                    0.3009745180606842
                ],
                [
                    521004,
                    0,
                    0.2761978507041931
                ]
            ],
            "confidence_moyenne": 0.31102884411811826
        }
    ]
}