{
    "frame_id": 394,
    "timestamp": "2024-12-26 21:22:08",
    "detections": [
        {
            "zone": "centre_droit",
            "nombre_objets": 1,
            "details_objets": [
                [
                    394000,
                    0,
                    0.38581541180610657
                ]
            ],
            "confidence_moyenne": 0.38581541180610657
        },
        {
            "zone": "centre_gauche",
            "nombre_objets": 1,
            "details_objets": [
                [
                    394001,
                    0,
                    0.3703223466873169
                ]
            ],
            "confidence_moyenne": 0.3703223466873169
        }
    ]
}