{
    "frame_id": 573,
    "timestamp": "2024-12-26 21:25:22",
    "detections": [
        {
            "zone": "centre_gauche",
            "nombre_objets": 4,
            "details_objets": [
                [
                    573000,
                    0,
                    0.38023898005485535
                ],
                [
                    573001,
                    0,
                    0.37195271253585815
                ],
                [
                    573003,
                    0,
                    0.3095543682575226
                ],
                [
                    573004,
                    0,
                    0.2731887698173523
                ]
            ],
            "confidence_moyenne": 0.3337337076663971
        },
        {
            "zone": "centre_droit",
            "nombre_objets": 1,
            "details_objets": [
                [
                    573002,
                    0,
                    0.3096553087234497
                ]
            ],
            "confidence_moyenne": 0.3096553087234497
        }
    ]
}