{
    "frame_id": 407,
    "timestamp": "2024-12-26 21:22:23",
    "detections": [
        {
            "zone": "centre_droit",
            "nombre_objets": 1,
            "details_objets": [
                [
                    407000,
                    0,
                    0.40555599331855774
                ]
            ],
            "confidence_moyenne": 0.40555599331855774
        },
        {
            "zone": "centre_gauche",
            "nombre_objets": 2,
            "details_objets": [
                [
                    407001,
                    0,
                    0.3369103968143463
                ],
                [
                    407002,
                    0,
                    0.332254022359848
                ]
            ],
            "confidence_moyenne": 0.33458220958709717
        }
    ]
}