{
    "frame_id": 339,
    "timestamp": "2024-12-26 21:21:06",
    "detections": [
        {
            "zone": "gauche",
            "nombre_objets": 1,
            "details_objets": [
                [
                    339000,
                    0,
                    0.40209248661994934
                ]
            ],
            "confidence_moyenne": 0.40209248661994934
        },
        {
            "zone": "centre_gauche",
            "nombre_objets": 1,
            "details_objets": [
                [
                    339002,
                    0,
                    0.30027106404304504
                ]
            ],
            "confidence_moyenne": 0.30027106404304504
        },
        {
            "zone": "centre_droit",
            "nombre_objets": 1,
            "details_objets": [
                [
                    339001,
                    0,
                    0.4019206762313843
                ]
            ],
            "confidence_moyenne": 0.4019206762313843
        }
    ]
}