{
    "frame_id": 529,
    "timestamp": "2024-12-26 21:24:33",
    "detections": [
        {
            "zone": "centre_gauche",
            "nombre_objets": 3,
            "details_objets": [
                [
                    529000,
                    0,
                    0.4164067804813385
                ],
                [
                    529002,
                    0,
                    0.31852081418037415
                ],
                [
                    529003,
                    0,
                    0.28155386447906494
                ]
            ],
            "confidence_moyenne": 0.33882715304692584
        },
        {
            "zone": "centre_droit",
            "nombre_objets": 3,
            "details_objets": [
                [
                    529001,
                    0,
                    0.3240474760532379
                ],
                [
                    529004,
                    0,
                    0.2672918736934662
                ],
                [
                    529005,
                    0,
                    0.267032265663147
                ]
            ],
            "confidence_moyenne": 0.2861238718032837
        }
    ]
}