{
    "frame_id": 528,
    "timestamp": "2024-12-26 21:24:32",
    "detections": [
        {
            "zone": "centre_gauche",
            "nombre_objets": 3,
            "details_objets": [
                [
                    528000,
                    0,
                    0.39107388257980347
                ],
                [
                    528001,
                    0,
                    0.31423577666282654
                ],
                [
                    528003,
                    0,
                    0.2538870573043823
                ]
            ],
            "confidence_moyenne": 0.3197322388490041
        },
        {
            "zone": "centre_droit",
            "nombre_objets": 1,
            "details_objets": [
                [
                    528002,
                    0,
                    0.2761019170284271
                ]
            ],
            "confidence_moyenne": 0.2761019170284271
        }
    ]
}