{
    "frame_id": 496,
    "timestamp": "2024-12-26 21:23:56",
    "detections": [
        {
            "zone": "centre_gauche",
            "nombre_objets": 1,
            "details_objets": [
                [
                    496000,
                    0,
                    0.3237256407737732
                ]
            ],
            "confidence_moyenne": 0.3237256407737732
        },
        {
            "zone": "centre_droit",
            "nombre_objets": 1,
            "details_objets": [
                [
                    496001,
                    0,
                    0.29585015773773193
                ]
            ],
            "confidence_moyenne": 0.29585015773773193
        }
    ]
}