{
    "frame_id": 142,
    "timestamp": "2024-12-26 21:17:10",
    "detections": [
        {
            "zone": "centre_gauche",
            "nombre_objets": 2,
            "details_objets": [
                [
                    142000,
                    0,
                    0.4563753604888916
                ],
                [
                    142001,
                    0,
                    0.296158105134964
                ]
            ],
            "confidence_moyenne": 0.3762667328119278
        }
    ]
}