{
    "frame_id": 190,
    "timestamp": "2024-12-26 21:18:17",
    "detections": [
        {
            "zone": "centre_gauche",
            "nombre_objets": 1,
            "details_objets": [
                [
                    190000,
                    0,
                    0.46249252557754517
                ]
            ],
            "confidence_moyenne": 0.46249252557754517
        },
        {
            "zone": "centre_droit",
            "nombre_objets": 1,
            "details_objets": [
                [
                    190001,
                    0,
                    0.3530365526676178
                ]
            ],
            "confidence_moyenne": 0.3530365526676178
        }
    ]
}