{
    "frame_id": 74,
    "timestamp": "2024-12-26 21:15:34",
    "detections": [
        {
            "zone": "centre_gauche",
            "nombre_objets": 3,
            "details_objets": [
                [
                    74000,
                    0,
                    0.30237993597984314
                ],
                [
                    74001,
                    0,
                    0.2836168110370636
                ],
                [
                    74002,
                    0,
                    0.2617948353290558
                ]
            ],
            "confidence_moyenne": 0.28259719411532086
        }
    ]
}