{
    "frame_id": 301,
    "timestamp": "2024-12-26 21:20:23",
    "detections": [
        {
            "zone": "gauche",
            "nombre_objets": 1,
            "details_objets": [
                [
                    301000,
                    0,
                    0.2725973129272461
                ]
            ],
            "confidence_moyenne": 0.2725973129272461
        },
        {
            "zone": "centre_droit",
            "nombre_objets": 1,
            "details_objets": [
                [
                    301001,
                    0,
                    0.26503562927246094
                ]
            ],
            "confidence_moyenne": 0.26503562927246094
        }
    ]
}