{
    "frame_id": 267,
    "timestamp": "2024-12-26 21:19:46",
    "detections": [
        {
            "zone": "centre_droit",
            "nombre_objets": 2,
            "details_objets": [
                [
                    267000,
                    0,
                    0.38237255811691284
                ],
                [
                    267001,
                    0,
                    0.33640533685684204
                ]
            ],
            "confidence_moyenne": 0.35938894748687744
        }
    ]
}