{
    "frame_id": 336,
    "timestamp": "2024-12-26 21:21:03",
    "detections": [
        {
            "zone": "centre_droit",
            "nombre_objets": 1,
            "details_objets": [
                [
                    336000,
                    0,
                    0.3934192359447479
                ]
            ],
            "confidence_moyenne": 0.3934192359447479
        },
        {
            "zone": "gauche",
            "nombre_objets": 1,
            "details_objets": [
                [
                    336001,
                    0,
                    0.3244805634021759
                ]
            ],
            "confidence_moyenne": 0.3244805634021759
        },
        {
            "zone": "centre_gauche",
            "nombre_objets": 1,
            "details_objets": [
                [
                    336002,
                    0,
                    0.2897379398345947
                ]
            ],
            "confidence_moyenne": 0.2897379398345947
        }
    ]
}