{
    "frame_id": 127,
    "timestamp": "2024-12-26 21:16:49",
    "detections": [
        {
            "zone": "centre_gauche",
            "nombre_objets": 3,
            "details_objets": [
                [
                    127000,
                    0,
                    0.3265380561351776
                ],
                [
                    127001,
                    0,
                    0.32539573311805725
                ],
                [
                    127002,
                    0,
                    0.28514668345451355
                ]
            ],
            "confidence_moyenne": 0.31236015756924945
        }
    ]
}