{
    "frame_id": 198,
    "timestamp": "2024-12-26 21:18:26",
    "detections": [
        {
            "zone": "centre_gauche",
            "nombre_objets": 1,
            "details_objets": [
                [
                    198000,
                    0,
                    0.42137280106544495
                ]
            ],
            "confidence_moyenne": 0.42137280106544495
        },
        {
            "zone": "centre_droit",
            "nombre_objets": 1,
            "details_objets": [
                [
                    198001,
                    0,
                    0.28151798248291016
                ]
            ],
            "confidence_moyenne": 0.28151798248291016
        }
    ]
}