{
    "frame_id": 153,
    "timestamp": "2024-12-26 21:17:27",
    "detections": [
        {
            "zone": "centre_gauche",
            "nombre_objets": 2,
            "details_objets": [
                [
                    153000,
                    0,
                    0.46377113461494446
                ],
                [
                    153001,
                    0,
                    0.4133508801460266
                ]
            ],
            "confidence_moyenne": 0.43856100738048553
        },
        {
            "zone": "centre_droit",
            "nombre_objets": 2,
            "details_objets": [
                [
                    153002,
                    0,
                    0.3036685585975647
                ],
                [
                    153003,
                    0,
                    0.29273808002471924
                ]
            ],
            "confidence_moyenne": 0.29820331931114197
        }
    ]
}