{
    "frame_id": 586,
    "timestamp": "2024-12-26 21:25:36",
    "detections": [
        {
            "zone": "centre_gauche",
            "nombre_objets": 4,
            "details_objets": [
                [
                    586001,
                    0,
                    0.3774450123310089
                ],
                [
                    586002,
                    0,
                    0.3472171425819397
                ],
                [
                    586003,
                    0,
                    0.2715197205543518
                ],
                [
                    586004,
                    0,
                    0.2633476257324219
                ]
            ],
            "confidence_moyenne": 0.3148823752999306
        },
        {
            "zone": "centre_droit",
            "nombre_objets": 1,
            "details_objets": [
                [
                    586000,
                    0,
                    0.4103151261806488
                ]
            ],
            "confidence_moyenne": 0.4103151261806488
        }
    ]
}