{
    "frame_id": 433,
    "timestamp": "2024-12-26 21:22:51",
    "detections": [
        {
            "zone": "centre_gauche",
            "nombre_objets": 1,
            "details_objets": [
                [
                    433000,
                    0,
                    0.3752650022506714
                ]
            ],
            "confidence_moyenne": 0.3752650022506714
        },
        {
            "zone": "centre_droit",
            "nombre_objets": 1,
            "details_objets": [
                [
                    433001,
                    0,
                    0.28182944655418396
                ]
            ],
            "confidence_moyenne": 0.28182944655418396
        }
    ]
}