{
    "frame_id": 421,
    "timestamp": "2024-12-26 21:22:38",
    "detections": [
        {
            "zone": "centre_gauche",
            "nombre_objets": 2,
            "details_objets": [
                [
                    421000,
                    0,
                    0.3696943521499634
                ],
                [
                    421002,
                    0,
                    0.27669069170951843
                ]
            ],
            "confidence_moyenne": 0.3231925219297409
        },
        {
            "zone": "droite",
            "nombre_objets": 1,
            "details_objets": [
                [
                    421001,
                    0,
                    0.31776413321495056
                ]
            ],
            "confidence_moyenne": 0.31776413321495056
        },
        {
            "zone": "centre_droit",
            "nombre_objets": 1,
            "details_objets": [
                [
                    421003,
                    0,
                    0.2729843556880951
                ]
            ],
            "confidence_moyenne": 0.2729843556880951
        }
    ]
}