{
    "frame_id": 349,
    "timestamp": "2024-12-26 21:21:18",
    "detections": [
        {
            "zone": "centre_droit",
            "nombre_objets": 2,
            "details_objets": [
                [
                    349000,
                    0,
                    0.45475178956985474
                ],
                [
                    349001,
                    0,
                    0.28637486696243286
                ]
            ],
            "confidence_moyenne": 0.3705633282661438
        }
    ]
}