{
    "frame_id": 427,
    "timestamp": "2024-12-26 21:22:45",
    "detections": [
        {
            "zone": "centre_gauche",
            "nombre_objets": 1,
            "details_objets": [
                [
                    427001,
                    0,
                    0.36091360449790955
                ]
            ],
            "confidence_moyenne": 0.36091360449790955
        },
        {
            "zone": "centre_droit",
            "nombre_objets": 2,
            "details_objets": [
                [
                    427000,
                    0,
                    0.36682721972465515
                ],
                [
                    427004,
                    0,
                    0.28185734152793884
                ]
            ],
            "confidence_moyenne": 0.324342280626297
        },
        {
            "zone": "droite",
            "nombre_objets": 2,
            "details_objets": [
                [
                    427002,
                    0,
                    0.36090096831321716
                ],
                [
                    427003,
                    0,
                    0.3169046640396118
                ]
            ],
            "confidence_moyenne": 0.3389028161764145
        }
    ]
}