{
    "frame_id": 124,
    "timestamp": "2024-12-26 21:16:45",
    "detections": [
        {
            "zone": "centre_gauche",
            "nombre_objets": 3,
            "details_objets": [
                [
                    124000,
                    0,
                    0.4289270043373108
                ],
                [
                    124001,
                    0,
                    0.304004043340683
                ],
                [
                    124002,
                    0,
                    0.3003181219100952
                ]
            ],
            "confidence_moyenne": 0.34441638986269635
        }
    ]
}