{
    "frame_id": 390,
    "timestamp": "2024-12-26 21:22:04",
    "detections": [
        {
            "zone": "centre_droit",
            "nombre_objets": 1,
            "details_objets": [
                [
                    390000,
                    0,
                    0.4008667767047882
                ]
            ],
            "confidence_moyenne": 0.4008667767047882
        },
        {
            "zone": "centre_gauche",
            "nombre_objets": 2,
            "details_objets": [
                [
                    390001,
                    0,
                    0.32637932896614075
                ],
                [
                    390002,
                    0,
                    0.2570481300354004
                ]
            ],
            "confidence_moyenne": 0.29171372950077057
        }
    ]
}