{
    "frame_id": 79,
    "timestamp": "2024-12-26 21:15:43",
    "detections": [
        {
            "zone": "centre_gauche",
            "nombre_objets": 3,
            "details_objets": [
                [
                    79000,
                    0,
                    0.3207164406776428
                ],
                [
                    79001,
                    0,
                    0.313689649105072
                ],
                [
                    79002,
                    0,
                    0.29446151852607727
                ]
            ],
            "confidence_moyenne": 0.3096225361029307
        }
    ]
}