{
    "frame_id": 86,
    "timestamp": "2024-12-26 21:15:53",
    "detections": [
        {
            "zone": "centre_gauche",
            "nombre_objets": 4,
            "details_objets": [
                [
                    86000,
                    0,
                    0.34363868832588196
                ],
                [
                    86001,
                    0,
                    0.2928420603275299
                ],
                [
                    86002,
                    0,
                    0.2700789272785187
                ],
                [
                    86003,
                    0,
                    0.25697579979896545
                ]
            ],
            "confidence_moyenne": 0.290883868932724
        }
    ]
}