{
    "frame_id": 59,
    "timestamp": "2024-12-26 21:15:04",
    "detections": [
        {
            "zone": "centre_gauche",
            "nombre_objets": 4,
            "details_objets": [
                [
                    59000,
                    0,
                    0.3390929400920868
                ],
                [
                    59001,
                    0,
                    0.279823899269104
                ],
                [
                    59002,
                    0,
                    0.26757916808128357
                ],
                [
                    59003,
                    0,
                    0.2593148648738861
                ]
            ],
            "confidence_moyenne": 0.2864527180790901
        }
    ]
}