{
    "frame_id": 129,
    "timestamp": "2024-12-26 21:16:52",
    "detections": [
        {
            "zone": "centre_gauche",
            "nombre_objets": 2,
            "details_objets": [
                [
                    129000,
                    0,
                    0.30907657742500305
                ],
                [
                    129001,
                    0,
                    0.3035896420478821
                ]
            ],
            "confidence_moyenne": 0.30633310973644257
        }
    ]
}