{
    "frame_id": 122,
    "timestamp": "2024-12-26 21:16:42",
    "detections": [
        {
            "zone": "centre_gauche",
            "nombre_objets": 3,
            "details_objets": [
                [
                    122000,
                    0,
                    0.4452081620693207
                ],
                [
                    122001,
                    0,
                    0.31927910447120667
                ],
                [
                    122002,
                    0,
                    0.2786104679107666
                ]
            ],
            "confidence_moyenne": 0.34769924481709796
        }
    ]
}