{
    "frame_id": 26,
    "timestamp": "2024-12-26 21:13:55",
    "detections": [
        {
            "zone": "centre_gauche",
            "nombre_objets": 2,
            "details_objets": [
                [
                    26001,
                    0,
                    0.3343735933303833
                ],
                [
                    26002,
                    0,
                    0.32695621252059937
                ]
            ],
            "confidence_moyenne": 0.33066490292549133
        },
        {
            "zone": "droite",
            "nombre_objets": 1,
            "details_objets": [
                [
                    26000,
                    0,
                    0.3367413282394409
                ]
            ],
            "confidence_moyenne": 0.3367413282394409
        },
        {
            "zone": "centre_droit",
            "nombre_objets": 1,
            "details_objets": [
                [
                    26003,
                    0,
                    0.2640257179737091
                ]
            ],
            "confidence_moyenne": 0.2640257179737091
        }
    ]
}