{
    "frame_id": 357,
    "timestamp": "2024-12-26 21:21:26",
    "detections": [
        {
            "zone": "centre_gauche",
            "nombre_objets": 1,
            "details_objets": [
                [
                    357000,
                    0,
                    0.3607371151447296
                ]
            ],
            "confidence_moyenne": 0.3607371151447296
        },
        {
            "zone": "centre_droit",
            "nombre_objets": 2,
            "details_objets": [
                [
                    357001,
                    0,
                    0.2705002427101135
                ],
                [
                    357002,
                    0,
                    0.26463404297828674
                ]
            ],
            "confidence_moyenne": 0.26756714284420013
        },
        {
            "zone": "gauche",
            "nombre_objets": 1,
            "details_objets": [
                [
                    357003,
                    0,
                    0.2552317976951599
                ]
            ],
            "confidence_moyenne": 0.2552317976951599
        }
    ]
}