{
    "frame_id": 199,
    "timestamp": "2024-12-26 21:18:28",
    "detections": [
        {
            "zone": "centre_gauche",
            "nombre_objets": 1,
            "details_objets": [
                [
                    199000,
                    0,
                    0.4408068060874939
                ]
            ],
            "confidence_moyenne": 0.4408068060874939
        },
        {
            "zone": "centre_droit",
            "nombre_objets": 1,
            "details_objets": [
                [
                    199001,
                    0,
                    0.3441924750804901
                ]
            ],
            "confidence_moyenne": 0.3441924750804901
        }
    ]
}