{
    "frame_id": 484,
    "timestamp": "2024-12-26 21:23:43",
    "detections": [
        {
            "zone": "centre_gauche",
            "nombre_objets": 2,
            "details_objets": [
                [
                    484000,
                    0,
                    0.2730734348297119
                ],
                [
                    484001,
                    0,
                    0.2595359981060028
                ]
            ],
            "confidence_moyenne": 0.26630471646785736
        }
    ]
}