{
    "frame_id": 186,
    "timestamp": "2024-12-26 21:18:11",
    "detections": [
        {
            "zone": "centre_gauche",
            "nombre_objets": 2,
            "details_objets": [
                [
                    186000,
                    0,
                    0.48107069730758667
                ],
                [
                    186001,
                    0,
                    0.27497538924217224
                ]
            ],
            "confidence_moyenne": 0.37802304327487946
        }
    ]
}