{
    "frame_id": 173,
    "timestamp": "2024-12-26 21:17:53",
    "detections": [
        {
            "zone": "centre_gauche",
            "nombre_objets": 1,
            "details_objets": [
                [
                    173000,
                    0,
                    0.47850140929222107
                ]
            ],
            "confidence_moyenne": 0.47850140929222107
        },
        {
            "zone": "centre_droit",
            "nombre_objets": 1,
            "details_objets": [
                [
                    173001,
                    0,
                    0.40789663791656494
                ]
            ],
            "confidence_moyenne": 0.40789663791656494
        }
    ]
}