{
    "frame_id": 361,
    "timestamp": "2024-12-26 21:21:31",
    "detections": [
        {
            "zone": "centre_droit",
            "nombre_objets": 1,
            "details_objets": [
                [
                    361000,
                    0,
                    0.46326181292533875
                ]
            ],
            "confidence_moyenne": 0.46326181292533875
        },
        {
            "zone": "centre_gauche",
            "nombre_objets": 1,
            "details_objets": [
                [
                    361001,
                    0,
                    0.35035765171051025
                ]
            ],
            "confidence_moyenne": 0.35035765171051025
        }
    ]
}