{
    "frame_id": 437,
    "timestamp": "2024-12-26 21:22:56",
    "detections": [
        {
            "zone": "centre_gauche",
            "nombre_objets": 2,
            "details_objets": [
                [
                    437000,
                    0,
                    0.38976266980171204
                ],
                [
                    437001,
                    0,
                    0.25078168511390686
                ]
            ],
            "confidence_moyenne": 0.32027217745780945
        }
    ]
}