{
    "frame_id": 531,
    "timestamp": "2024-12-26 21:24:35",
    "detections": [
        {
            "zone": "centre_gauche",
            "nombre_objets": 3,
            "details_objets": [
                [
                    531000,
                    0,
                    0.39902520179748535
                ],
                [
                    531001,
                    0,
                    0.3213089406490326
                ],
                [
                    531003,
                    0,
                    0.30192598700523376
                ]
            ],
            "confidence_moyenne": 0.34075337648391724
        },
        {
            "zone": "droite",
            "nombre_objets": 1,
            "details_objets": [
                [
                    531002,
                    0,
                    0.3086387813091278
                ]
            ],
            "confidence_moyenne": 0.3086387813091278
        },
        {
            "zone": "centre_droit",
            "nombre_objets": 2,
            "details_objets": [
                [
                    531004,
                    0,
                    0.2783057391643524
                ],
                [
                    531005,
                    0,
                    0.25807371735572815
                ]
            ],
            "confidence_moyenne": 0.2681897282600403
        }
    ]
}