{
    "frame_id": 63,
    "timestamp": "2024-12-26 21:15:13",
    "detections": [
        {
            "zone": "centre_gauche",
            "nombre_objets": 3,
            "details_objets": [
                [
                    63000,
                    0,
                    0.3335617780685425
                ],
                [
                    63002,
                    0,
                    0.26959875226020813
                ],
                [
                    63003,
                    0,
                    0.2689186930656433
                ]
            ],
            "confidence_moyenne": 0.290693074464798
        },
        {
            "zone": "centre_droit",
            "nombre_objets": 1,
            "details_objets": [
                [
                    63001,
                    0,
                    0.2799742519855499
                ]
            ],
            "confidence_moyenne": 0.2799742519855499
        }
    ]
}