{
    "frame_id": 384,
    "timestamp": "2024-12-26 21:21:56",
    "detections": [
        {
            "zone": "centre_droit",
            "nombre_objets": 1,
            "details_objets": [
                [
                    384000,
                    0,
                    0.377862811088562
                ]
            ],
            "confidence_moyenne": 0.377862811088562
        },
        {
            "zone": "centre_gauche",
            "nombre_objets": 2,
            "details_objets": [
                [
                    384001,
                    0,
                    0.33587557077407837
                ],
                [
                    384002,
                    0,
                    0.2737314999103546
                ]
            ],
            "confidence_moyenne": 0.3048035353422165
        }
    ]
}