{
    "frame_id": 278,
    "timestamp": "2024-12-26 21:19:58",
    "detections": [
        {
            "zone": "centre_droit",
            "nombre_objets": 2,
            "details_objets": [
                [
                    278000,
                    0,
                    0.29402032494544983
                ],
                [
                    278001,
                    0,
                    0.2800195515155792
                ]
            ],
            "confidence_moyenne": 0.2870199382305145
        }
    ]
}