{
    "frame_id": 567,
    "timestamp": "2024-12-26 21:25:16",
    "detections": [
        {
            "zone": "centre_gauche",
            "nombre_objets": 3,
            "details_objets": [
                [
                    567001,
                    0,
                    0.3713032305240631
                ],
                [
                    567002,
                    0,
                    0.3269628882408142
                ],
                [
                    567003,
                    0,
                    0.29007935523986816
                ]
            ],
            "confidence_moyenne": 0.32944849133491516
        },
        {
            "zone": "droite",
            "nombre_objets": 1,
            "details_objets": [
                [
                    567000,
                    0,
                    0.3824547827243805
                ]
            ],
            "confidence_moyenne": 0.3824547827243805
        }
    ]
}