{
    "frame_id": 113,
    "timestamp": "2024-12-26 21:16:30",
    "detections": [
        {
            "zone": "centre_gauche",
            "nombre_objets": 3,
            "details_objets": [
                [
                    113000,
                    0,
                    0.32292696833610535
                ],
                [
                    113001,
                    0,
                    0.30507874488830566
                ],
                [
                    113002,
                    0,
                    0.2742823362350464
                ]
            ],
            "confidence_moyenne": 0.30076268315315247
        }
    ]
}