{
    "frame_id": 366,
    "timestamp": "2024-12-26 21:21:36",
    "detections": [
        {
            "zone": "centre_droit",
            "nombre_objets": 3,
            "details_objets": [
                [
                    366000,
                    0,
                    0.4612024128437042
                ],
                [
                    366001,
                    0,
                    0.359771728515625
                ],
                [
                    366003,
                    0,
                    0.2685789465904236
                ]
            ],
            "confidence_moyenne": 0.3631843626499176
        },
        {
            "zone": "centre_gauche",
            "nombre_objets": 1,
            "details_objets": [
                [
                    366002,
                    0,
                    0.35364779829978943
                ]
            ],
            "confidence_moyenne": 0.35364779829978943
        }
    ]
}