{
    "frame_id": 210,
    "timestamp": "2024-12-26 21:18:42",
    "detections": [
        {
            "zone": "centre_gauche",
            "nombre_objets": 2,
            "details_objets": [
                [
                    210000,
                    0,
                    0.38218313455581665
                ],
                [
                    210002,
                    0,
                    0.3055531084537506
                ]
            ],
            "confidence_moyenne": 0.34386812150478363
        },
        {
            "zone": "centre_droit",
            "nombre_objets": 2,
            "details_objets": [
                [
                    210001,
                    0,
                    0.31006908416748047
                ],
                [
                    210003,
                    0,
                    0.256894052028656
                ]
            ],
            "confidence_moyenne": 0.28348156809806824
        }
    ]
}